,party,candidate,fact,Rvalue,Pvalue,StdError,Slope,Intercept
0,Republican,Ben Carson,PST045214,-0.24100673244931012,0.016821579462317049,168071.25302519897,-408933.03753970447,74837.903391064028
1,Republican,Ben Carson,PST040210,-0.24140483047136335,0.016636045753120127,158678.28001901513,-386756.2181750288,71872.650394828815
2,Republican,Ben Carson,PST120214,-0.28277749345778563,0.0047835285557987989,8.6810772270577452,-25.07560709732542,2.0026440939424686
3,Republican,Ben Carson,POP010210,-0.24128409841362164,0.016692125205915623,158690.65276582315,-386580.97326676123,71848.859936220208
4,Republican,Ben Carson,AGE135214,-0.14602699860505161,0.15135865357474015,2.2030576047002479,-3.1862154098545972,6.2596351022000203
5,Republican,Ben Carson,AGE295214,-0.07582182760182303,0.45806535307199037,6.1123227552873125,-4.5539484939173231,23.456418365616489
6,Republican,Ben Carson,AGE775214,0.29488807333653366,0.0032021959831239426,8.7578050878391682,26.481522733970234,16.106735997204026
7,Republican,Ben Carson,SEX255214,-0.030470978126485981,0.76582058851632429,2.719642550760061,-0.8123357191371221,50.241068711665015
8,Republican,Ben Carson,RHI125214,0.31391914899495821,0.0016453762550615585,9.6883989171856637,31.385819103270514,92.353037449795735
9,Republican,Ben Carson,RHI225214,-0.27796956471640299,0.0055834629054369962,4.6974008301396744,-13.318412933402337,2.8410740870644458
10,Republican,Ben Carson,RHI325214,-0.075395199957370942,0.46060615884964995,2.5536252837180919,-1.8917962700658058,0.66346754200869862
11,Republican,Ben Carson,RHI425214,-0.23862516923064794,0.017969269873726202,4.953163230886596,-11.92518974347006,2.3956749268319184
12,Republican,Ben Carson,RHI525214,-0.015768037510453525,0.87752901700104502,0.41035070861909961,-0.063404844956550507,0.085281343337187607
13,Republican,Ben Carson,RHI625214,-0.25983758291444015,0.0097718862189737268,1.5298428425929009,-4.0333286242793776,1.6390780730857288
14,Republican,Ben Carson,RHI725214,-0.16680086948206502,0.10067707458405484,14.709754675178409,-24.38184580312819,7.0241237022881888
15,Republican,Ben Carson,RHI825214,0.27318764747473362,0.0064947434685778864,19.384091199114298,53.936748382621701,86.00328553595746
16,Republican,Ben Carson,POP715213,0.16831924642474211,0.097572217752099774,10.768560345656837,18.01639726382604,85.461754530376126
17,Republican,Ben Carson,POP645213,-0.23310612308791423,0.020891251405882393,9.403198552003456,-22.084981621777132,5.1892177999943936
18,Republican,Ben Carson,POP815213,-0.22221206973296784,0.027868299315325411,14.424429474602299,-32.210541196554345,8.8821992117292368
19,Republican,Ben Carson,EDU635213,0.069647942427005047,0.49557968979084621,9.3081689454874859,6.3674284462120836,89.455748975350332
20,Republican,Ben Carson,EDU685213,-0.19264888947423375,0.057367434372208523,20.004150581305229,-38.479969033108162,23.748732233085352
21,Republican,Ben Carson,VET605213,-0.24128592720165509,0.016691274525751483,10472.074060953752,-25510.87346701881,4996.2374359842051
22,Republican,Ben Carson,LFE305213,-0.023646016773320372,0.81722740687754181,9.9275311348043882,-2.3006805236557248,19.699595486845237
23,Republican,Ben Carson,HSG010214,-0.23938957542684963,0.017593754500287304,70458.436817337264,-170211.46065767147,31844.408760007253
24,Republican,Ben Carson,HSG445213,0.16930168090621031,0.09560375759291892,14.396474226237256,24.230818121447097,73.173491686351767
25,Republican,Ben Carson,HSG096213,-0.24194022368921408,0.01638931598666037,16.767472218354371,-40.964646992640958,16.948411775108973
26,Republican,Ben Carson,HSG495213,-0.174836537327487,0.085092092599190608,83025.379095003111,-144450.80395220022,119816.31926314559
27,Republican,Ben Carson,HSD410213,-0.24241453208593305,0.016173385990509659,63776.317207376931,-156136.56680507198,28976.952391177569
28,Republican,Ben Carson,HSD310213,-0.098811365382422411,0.33304264297865271,0.40391788259797551,-0.39297613198308068,2.4201587292326181
29,Republican,Ben Carson,INC910213,-0.17447780177689237,0.085744259656056254,7689.536931138794,-13350.243906358246,27003.156934212668
30,Republican,Ben Carson,INC110213,-0.06352825710274812,0.53429914246875598,18288.113784848967,-11406.426777829669,50460.878082784402
31,Republican,Ben Carson,PVY020213,-0.11702449101033847,0.25114722913222137,9.9627735091491516,-11.502360058601418,13.039703838446483
32,Republican,Ben Carson,BZA010213,-0.22647454051997321,0.024933004123819682,4271.492488856692,-9731.2375843337504,1844.3027039502583
33,Republican,Ben Carson,BZA110213,-0.22942635936298034,0.023058353221425895,88372.609066431891,-204097.7761245608,34683.86771620225
34,Republican,Ben Carson,BZA115213,-0.20351896008621295,0.044434029347049209,15.602268745046544,-31.777085054792231,3.0506137663596959
35,Republican,Ben Carson,NES010213,-0.2234822774377658,0.026964388958974302,10713.339895560235,-24067.393640022499,4616.1422391905444
36,Republican,Ben Carson,SBO001207,-0.22226157719487721,0.027832593064615999,13558.825752405603,-30284.6968403842,5843.2101115471887
37,Republican,Ben Carson,SBO315207,-0.19798110182950088,0.050682851839408904,1.5710036096561359,-3.1089894755991767,0.45962581481060266
38,Republican,Ben Carson,SBO115207,-0.18078883969843271,0.074836439545616334,0.12904985337747443,-0.23242385464537318,0.030719059148236381
39,Republican,Ben Carson,SBO215207,-0.1893654287816407,0.06183117734608358,1.532036446721579,-2.8949108453657306,0.44513388140089793
40,Republican,Ben Carson,SBO515207,-0.097941493122008019,0.33733695655784912,0.030938155351302031,-0.029832510396663337,0.0041774792379979126
41,Republican,Ben Carson,SBO415207,-0.30840580285912572,0.0020044739669745171,1.5330742263980861,-4.8699492885582316,0.67149228644527981
42,Republican,Ben Carson,SBO015207,-0.10373809407787893,0.30937991013566013,36.426663821768116,-37.225693223276004,18.657833310393833
43,Republican,Ben Carson,MAN450207,-0.25173974840562269,0.01240073718967734,4503946.736762681,-11478821.350417025,1963395.685971173
44,Republican,Ben Carson,WTN220207,-0.1314326189880097,0.19704141327588584,2418143.1298140748,-3141265.7296191282,679604.70287632628
45,Republican,Ben Carson,RTN130207,-0.23451841107538837,0.02010719993741774,2547458.5244634636,-6021483.7832711628,1035854.2583296453
46,Republican,Ben Carson,RTN131207,-0.18299470267302539,0.071298098220983569,10954.271911306239,-19978.08310004068,12539.456120719613
47,Republican,Ben Carson,AFN120207,-0.2069412571711107,0.040902518361992934,338759.48076753441,-702066.76246100303,120850.33054574553
48,Republican,Ben Carson,BPS030214,-0.19020196166834702,0.060667926536159045,1121.1650319756884,-2128.244213769879,329.65327286742263
49,Republican,Ben Carson,LND110210,0.090330201116864836,0.37639392616826439,363.71047948230125,323.22392450643656,529.91831305044639
50,Republican,Ben Carson,POP060210,-0.25757710613805013,0.01045136627642124,270.19677781421905,-705.7161442852854,128.19777686104791
51,Democrat,Bernie Sanders,PST045214,0.15657624192315842,0.12364545447326065,78730.644430739776,122291.209203209,-26221.905442487721
52,Democrat,Bernie Sanders,PST040210,0.16049617719342218,0.11440533724301635,74290.841705418497,118359.30103685503,-24982.395855230709
53,Democrat,Bernie Sanders,PST120214,0.22800651095259802,0.023944471004791509,4.056248029274105,9.306796440130551,-5.0485766934355638
54,Democrat,Bernie Sanders,POP010210,0.16044670261183028,0.11451852869955725,74294.941162160976,118328.38049545891,-24973.030481864502
55,Democrat,Bernie Sanders,AGE135214,-0.11026689020765393,0.27975013416898409,1.0188172255343766,-1.1074737770670111,6.4457416400088263
56,Democrat,Bernie Sanders,AGE295214,-0.24730336427087021,0.014087325295622798,2.7340133703267813,-6.8370733752498207,26.205076731778753
57,Democrat,Bernie Sanders,AGE775214,-0.3094170352848149,0.001933731661594234,4.0118381495826592,-12.790170005442624,24.952669512979856
58,Democrat,Bernie Sanders,SEX255214,-0.18292546745399657,0.071407066466086716,1.2313156983273326,-2.244758777550957,51.215773468910967
59,Democrat,Bernie Sanders,RHI125214,-0.3664129606554139,0.00020669940924252403,4.3703932977798479,-16.862922198665071,103.6423926054223
60,Democrat,Bernie Sanders,RHI225214,0.25882807561212418,0.010070393425420199,2.1742458655346701,5.7083811407269707,-1.2656356847194192
61,Democrat,Bernie Sanders,RHI325214,0.00019546783356944123,0.99847587789162695,1.1788034359399742,0.0022576276605343658,0.46219855401582954
62,Democrat,Bernie Sanders,RHI425214,0.40689985283056063,3.2130573752062502e-05,2.1446448814732353,9.3601526529192132,-3.2890941708783377
63,Democrat,Bernie Sanders,RHI525214,-0.035654448386108067,0.72743228464028142,0.18879014174077979,-0.065994063857869892,0.10975429715308697
64,Democrat,Bernie Sanders,RHI625214,0.25813977690346085,0.010278475133479797,0.70452736123600068,1.8444331603593331,0.34073140894286458
65,Democrat,Bernie Sanders,RHI725214,-0.01030140329372323,0.91981012384602356,6.8668246802579214,-0.69312411731622814,4.7713857691474013
66,Democrat,Bernie Sanders,RHI825214,-0.17739144501446913,0.080560824103793269,9.1283332277991445,-16.121398921753791,99.328749984395216
67,Democrat,Bernie Sanders,POP715213,-0.27424572011020232,0.0062824766862892576,4.8357773842407132,-13.512023144047673,93.752936160288499
68,Democrat,Bernie Sanders,POP645213,0.18781139257710575,0.064040366191374126,4.3717597213313049,8.1905231843363939,-1.0180649650396032
69,Democrat,Bernie Sanders,POP815213,0.048742165461124386,0.63363613975007316,6.8018116119322798,3.2522322141498816,3.9367564805262827
70,Democrat,Bernie Sanders,EDU635213,0.1898595773621658,0.061141856893635591,4.2169118508673895,7.9897767161658608,86.354340810012474
71,Democrat,Bernie Sanders,EDU685213,0.34562355991890836,0.00049091259409627796,8.8055108474035393,31.777365811394624,4.6614010075261252
72,Democrat,Bernie Sanders,VET605213,0.1639861079223299,0.10663730506370118,4899.8717778457467,7980.8058279705574,-1474.5019864286187
73,Democrat,Bernie Sanders,LFE305213,-0.1390541271133347,0.17208095429535894,4.5265691760509448,-6.227712513288389,22.398780159595223
74,Democrat,Bernie Sanders,HSG010214,0.15643125335113769,0.12399790489010569,32992.440996364814,51198.052271254499,-10360.081719109297
75,Democrat,Bernie Sanders,HSG445213,-0.26284283921623292,0.0089286955686665708,6.4874233391665159,-17.316069007368547,83.919774402604162
76,Democrat,Bernie Sanders,HSG096213,0.3792652939279656,0.00011749888727486222,7.3601860223394109,29.559058161514496,-1.3536912982356153
77,Democrat,Bernie Sanders,HSG495213,0.33359278798194208,0.00078871352580326402,36591.479010918731,126867.61336249688,44583.349955471618
78,Democrat,Bernie Sanders,HSD410213,0.15934979952829406,0.11705044721048677,29872.503078148988,47243.693842018612,-9869.56619437259
79,Democrat,Bernie Sanders,HSD310213,0.018987206714818971,0.852782934813612,0.18680638157447682,0.034758954270110019,2.3621474679955954
80,Democrat,Bernie Sanders,INC910213,0.10621564960196335,0.29790423239079766,3574.341349361915,3740.9670169110523,23822.701850152211
81,Democrat,Bernie Sanders,INC110213,0.18142645447345213,0.073799459102823983,8295.1760649116204,14994.418917444438,42168.759567436915
82,Democrat,Bernie Sanders,PVY020213,0.10452698750922658,0.30569508630753217,4.5923538917422286,4.7291706083953891,9.5878676102820712
83,Democrat,Bernie Sanders,BZA010213,0.14896510565201668,0.14321038780300346,1996.1194473298117,2946.3177890197103,-577.68562794231343
84,Democrat,Bernie Sanders,BZA110213,0.13825616657624326,0.1745794753974062,41391.845555684202,56614.258090048628,-13665.906480793794
85,Democrat,Bernie Sanders,BZA115213,-0.059469960064923319,0.56077947585139154,7.3223515312676897,-4.2741836507549715,1.7073504911414257
86,Democrat,Bernie Sanders,NES010213,0.14177679556493186,0.16375411964672498,5008.2666005653236,7028.0926702247216,-1251.6720325247547
87,Democrat,Bernie Sanders,SBO001207,0.12885921517634044,0.20603148013423533,6347.9520461911934,8082.0339612051221,-1180.5578021180045
88,Democrat,Bernie Sanders,SBO315207,0.16448957880427845,0.10555146156098746,0.72769599975064481,1.1889956175272323,-0.43120031699200023
89,Democrat,Bernie Sanders,SBO115207,0.022129859054624498,0.82876166534854678,0.060382827584021775,0.01309586170770038,-6.5479308538508342e-05
90,Democrat,Bernie Sanders,SBO215207,0.1284064201238713,0.20764315952290188,0.71225419705611603,0.9035820322993966,-0.28817622028220269
91,Democrat,Bernie Sanders,SBO515207,-0.014887950661236875,0.88431593642350581,0.014308222257256658,-0.0020873936179095255,0.0020067229476624336
92,Democrat,Bernie Sanders,SBO415207,0.18181250668620821,0.073177246481131331,0.72947991841610327,1.3215147133283041,-0.46830673791204547
93,Democrat,Bernie Sanders,SBO015207,0.13329339886586372,0.19071934719931344,16.707924145110482,22.017069934900878,4.3150771387191842
94,Democrat,Bernie Sanders,MAN450207,0.13607432349636303,0.18154704511467934,2122256.1458833441,2856064.6717911987,-600887.85399962508
95,Democrat,Bernie Sanders,WTN220207,0.058793710683914417,0.56525201854922369,1120883.1354384276,646812.99352672894,41549.709405625355
96,Democrat,Bernie Sanders,RTN130207,0.14985379718993216,0.1408122332806459,1192629.1865873998,1771090.2021553579,-438236.67245924502
97,Democrat,Bernie Sanders,RTN131207,0.27661262661668307,0.0058297445278839843,4928.7984693358667,13900.60326080877,3857.0680143366235
98,Democrat,Bernie Sanders,AFN120207,0.1505411319582256,0.13897838207294441,157566.65508680741,235089.2971182295,-64529.05094241567
99,Democrat,Bernie Sanders,BPS030214,0.089307413099263225,0.38184385990134972,523.57431555217443,459.9814623233965,-112.91736320762449
100,Democrat,Bernie Sanders,LND110210,-0.027303886507291382,0.7895643284285383,168.04256871973769,-44.971910977647667,585.37366642582606
101,Democrat,Bernie Sanders,POP060210,0.15868719935725648,0.11860071748909511,127.08531795550272,200.12946704260833,-41.048929600765518
102,Republican,Carly Fiorina,PST045214,-0.015817945853556035,0.87714440206661271,343106.95165130857,-53182.59898361253,32637.529705974695
103,Republican,Carly Fiorina,PST040210,-0.015162359549351046,0.88219887152880061,323968.10367711011,-48134.29203639528,31917.073130776895
104,Republican,Carly Fiorina,PST120214,-0.01375647885417902,0.8930536720028891,17.931901762790254,-2.4171875539852574,-0.60213402314286957
105,Republican,Carly Fiorina,POP010210,-0.015119177860038691,0.88253196379019871,323983.5523062523,-47999.465217345569,31909.101429191618
106,Republican,Carly Fiorina,AGE135214,0.058570921851240132,0.56672917424355806,4.405108311096499,2.5323310665158436,5.8712338757771994
107,Republican,Carly Fiorina,AGE295214,0.015728593774802874,0.87783300735499581,12.145096550504963,1.8718895102983246,22.936631785618246
108,Republican,Carly Fiorina,AGE775214,0.053526894985567432,0.60065004278886769,18.135249322609042,9.524764492835267,18.716550171175513
109,Republican,Carly Fiorina,SEX255214,-0.0066272113134247679,0.94836112273086348,5.391386283845419,-0.35008735284088222,50.162182378911538
110,Republican,Carly Fiorina,RHI125214,0.082568647304066156,0.41892837673546424,20.150740144670564,16.35788977168087,95.343659821148265
111,Republican,Carly Fiorina,RHI225214,-0.024342946103995393,0.81193835916706003,9.6869564229296028,-2.311132342182785,1.4783741255327176
112,Republican,Carly Fiorina,RHI325214,-0.070907926091011098,0.48779494204848939,5.0617063186595326,-3.5255095832751224,0.53456693871480909
113,Republican,Carly Fiorina,RHI425214,-0.066431129838265324,0.51574694658049747,10.084386178278042,-6.5783524187648625,1.2667172907550202
114,Republican,Carly Fiorina,RHI525214,-0.03385099782239312,0.74071774802497292,0.812749410409076,-0.26971973483192663,0.084026372596294682
115,Republican,Carly Fiorina,RHI625214,-0.12273066080569592,0.22861265137123171,3.1154927146100864,-3.7749496387963783,1.2885913284091268
116,Republican,Carly Fiorina,RHI725214,-0.051393708281503178,0.61526223156417037,29.522612734811453,-14.88588549341962,4.7449369902852832
117,Republican,Carly Fiorina,RHI825214,0.074229999302518099,0.46758494477788437,39.818484346677366,29.040200333187638,91.123901254485943
118,Republican,Carly Fiorina,POP715213,0.15688350641324872,0.12290107452998891,21.378814103306688,33.274221823638882,86.695413187199478
119,Republican,Carly Fiorina,POP645213,-0.039452857902880875,0.699717056252811,19.145465660242497,-7.4065895437973506,3.0018353109776159
120,Republican,Carly Fiorina,POP815213,-0.048014143799433813,0.6387207716327632,29.281278106003679,-13.79100814041349,5.752385491166323
121,Republican,Carly Fiorina,EDU635213,0.025648917721608672,0.80205013072209896,18.483053203324005,4.6464500796916672,90.035619754510705
122,Republican,Carly Fiorina,EDU685213,-0.0949024365574343,0.35261334830426627,40.212812154203448,-37.561421139838139,20.436191190807744
123,Republican,Carly Fiorina,VET605213,-0.010801785952521752,0.91592885389601242,21381.040203617667,-2263.0041565831589,2342.2783085545698
124,Republican,Carly Fiorina,LFE305213,0.0074192622144314156,0.94219957386740882,19.676470625286704,1.4303933807126783,19.427193472647215
125,Republican,Carly Fiorina,HSG010214,-0.014813356188318619,0.8848915740858001,143779.42459159056,-20870.530020685284,14253.616229602023
126,Republican,Carly Fiorina,HSG445213,0.086750436010908497,0.39567567416412908,28.835486844950875,24.602255400779068,75.240187038731193
127,Republican,Carly Fiorina,HSG096213,-0.060387450507747784,0.55473852565543136,34.179732933321674,-20.260225840517602,13.023018036897
128,Republican,Carly Fiorina,HSG495213,0.086164999788097954,0.398883965511726,166467.85929567157,141063.64664686774,101676.65155455007
129,Republican,Carly Fiorina,HSD410213,-0.013974650965038901,0.89136782078432664,130246.00038613593,-17835.422140302326,12814.273537572237
130,Republican,Carly Fiorina,HSD310213,-0.073315839271687611,0.47310028805111148,0.80213920736608901,-0.57776806356102095,2.3902564928773264
131,Republican,Carly Fiorina,INC910213,-0.036808834184705673,0.7189701325327893,15463.772123781759,-5580.8137709537914,25703.216049939085
132,Republican,Carly Fiorina,INC110213,0.053868017392044401,0.59832776609515537,36258.721163723254,19165.057061008796,48866.172009235517
133,Republican,Carly Fiorina,PVY020213,-0.12433935368376917,0.22252408034726998,19.723666543786923,-24.21671616410617,12.312219708543454
134,Republican,Carly Fiorina,BZA010213,-0.0092035539238103856,0.92833217169232118,8689.4267474249646,-783.61131515973727,830.32773088414899
135,Republican,Carly Fiorina,BZA110213,-0.010546901989890155,0.91790564707388134,179900.19537173913,-18591.580778469306,13460.913399009452
136,Republican,Carly Fiorina,BZA115213,0.042487580267487439,0.67785156895848497,31.548423818130903,13.145213019253683,-0.57810012453225301
137,Republican,Carly Fiorina,NES010213,-0.017274460666325799,0.86593281597737437,21776.195006531674,-3686.2681033692816,2143.7263610293667
138,Republican,Carly Fiorina,SBO001207,-0.0094735380473240875,0.92623563405210252,27554.985164248581,-2557.8053481269822,2690.0160224488536
139,Republican,Carly Fiorina,SBO315207,0.0028700351116680649,0.97762433810423588,3.1758103406382019,0.089305698890325816,0.12880608270203445
140,Republican,Carly Fiorina,SBO115207,-0.019282775124370547,0.8505176256930056,0.25994960287502555,-0.049121889885847946,0.0071159141403443942
141,Republican,Carly Fiorina,SBO215207,0.053636823103374906,0.5999012416421825,3.0872351957024073,1.6247778624016243,0.10591520690530595
142,Republican,Carly Fiorina,SBO515207,-0.037955754549944848,0.7105961539299589,0.061556065887636589,-0.022908526628721133,0.001483721426307401
143,Republican,Carly Fiorina,SBO415207,-0.0070982337500454344,0.94469653955069377,3.1933887340728324,-0.2221000434135354,0.16061430904128193
144,Republican,Carly Fiorina,SBO015207,0.092033853383996445,0.36742154394237936,72.263374908463362,65.440797607298308,13.394860603493214
145,Republican,Carly Fiorina,MAN450207,0.02031077162676561,0.84264837449623653,9219698.8903826009,1835136.5062769353,711517.14739346039
146,Republican,Carly Fiorina,WTN220207,0.028580243665258055,0.77997095356991131,4831532.4594543399,1353517.5464291987,319801.24717323802
147,Republican,Carly Fiorina,RTN130207,-0.013226558126284753,0.89715042176840121,5192176.1592367552,-672929.9712629437,412231.18574533833
148,Republican,Carly Fiorina,RTN131207,-0.047934616613787173,0.63927722335677672,22053.453598245382,-10369.576124658437,10634.964284480338
149,Republican,Carly Fiorina,AFN120207,-0.019638075343357809,0.84779612533010251,685975.17976477602,-132016.0397241363,49222.997864624878
150,Republican,Carly Fiorina,BPS030214,-0.028166449471001324,0.78307758506947267,2262.0122879321348,-624.50371118131397,117.05884036287107
151,Republican,Carly Fiorina,LND110210,-0.041728903057165409,0.68329379405036805,723.02431997831536,-295.87204874333582,570.10784082254372
152,Republican,Carly Fiorina,POP060210,-0.020395118606158062,0.84200337846130335,553.97897406863274,-110.72494595841019,55.753641253975196
153,Republican,Chris Christie,PST045214,0.34813968629605413,0.00044349696291753139,666700.74587728968,2425913.8486455274,594.40587086168307
154,Republican,Chris Christie,PST040210,0.35045958041205333,0.00040354481982220636,628924.38605266507,2305834.3353621257,1508.9004741018434
155,Republican,Chris Christie,PST120214,0.26542203918179558,0.0082567462558300973,35.834921688050905,96.659025760232538,-1.8849024614903154
156,Republican,Chris Christie,POP010210,0.35048863722255946,0.00040306610046976515,628946.66348584066,2306133.9696632898,1499.8306525635126
157,Republican,Chris Christie,AGE135214,0.028080199137573973,0.7837255551384793,9.1418457019842378,2.516175761281092,5.8903292257411968
158,Republican,Chris Christie,AGE295214,-0.030307127601121541,0.76704389023804764,25.162716205767062,-7.4754520421545854,23.069916229640153
159,Republican,Chris Christie,AGE775214,-0.35625501655939501,0.00031775535956204325,35.170338931034642,-131.38492907830022,20.586352513030135
160,Republican,Chris Christie,SEX255214,0.047025404939906354,0.64565311903402933,11.161732898883894,5.1484976020674713,50.089379892855248
161,Republican,Chris Christie,RHI125214,-0.32294994316272924,0.0011811539522651327,39.660752873994262,-132.60188188911593,97.367193410645768
162,Republican,Chris Christie,RHI225214,0.36461534858973305,0.00022327530970589539,18.700013254046663,71.744562508368162,0.51579135002072918
163,Republican,Chris Christie,RHI325214,0.068661170373039052,0.50172169032898806,10.492228427692469,7.0752320098595129,0.37294780362924235
164,Republican,Chris Christie,RHI425214,0.15095580269117526,0.13788080395942245,20.706501145088293,30.981160138020254,0.73818947619731301
165,Republican,Chris Christie,RHI525214,-0.028651047497533839,0.77943972638473624,1.6847275376099451,-0.47313395998444957,0.084611128407556593
166,Republican,Chris Christie,RHI625214,0.36723060738757146,0.00019954280213182684,6.0515755377625338,23.409887580273882,0.91341051670487117
167,Republican,Chris Christie,RHI725214,0.10149697682607053,0.32000482339457553,60.951289214241363,60.928458854444777,3.6661071221743837
168,Republican,Chris Christie,RHI825214,-0.23241658357643707,0.021283492565134062,80.487504250556469,-188.44717531121515,94.11681037055439
169,Republican,Chris Christie,POP715213,-0.26351641166434386,0.0087487295137379899,43.278216143299986,-115.83522742854191,88.847039484827619
170,Republican,Chris Christie,POP645213,0.11510596729034801,0.25905536141108598,39.446662435312291,44.785766943212636,2.2803367913677652
171,Republican,Chris Christie,POP815213,0.079294652913739452,0.43767311987108404,60.565306932220302,47.203379850913592,4.8709037939439508
172,Republican,Chris Christie,EDU635213,0.19250026879076212,0.057563616071034267,37.602733627985778,72.274640310110001,89.206983928286235
173,Republican,Chris Christie,EDU685213,0.36595198446683047,0.00021083804866754068,77.913047954475914,300.18647898320557,15.84455831420418
174,Republican,Chris Christie,VET605213,0.36351851304359717,0.00023398384963699176,41283.826394896765,157840.58627959914,281.62680167572921
175,Republican,Chris Christie,LFE305213,-0.15825992567080974,0.11960877245174063,40.267395442549152,-63.236539556612335,20.263356234544098
176,Republican,Chris Christie,HSG010214,0.35336151681110883,0.00035823153140987843,278794.65860404959,1031814.5098716101,660.09232806750697
177,Republican,Chris Christie,HSG445213,-0.39075792729844683,6.9484853718414797e-05,55.219277890829943,-229.67483937158519,78.669624735243403
178,Republican,Chris Christie,HSG096213,0.47568909229412015,7.4188096142093134e-07,62.424664743589503,330.76774171692944,8.3909138276747086
179,Republican,Chris Christie,HSG495213,0.28775141978851682,0.0040649872477507608,331652.12262434931,976346.6895947631,92066.227462417868
180,Republican,Chris Christie,HSD410213,0.35507813243084713,0.00033368105833062311,252374.16457020023,939222.99724637019,464.09214739582603
181,Republican,Chris Christie,HSD310213,0.026396596452766756,0.79640295104728387,1.6663687642607343,0.43112779456339517,2.3730679502959311
182,Republican,Chris Christie,INC910213,0.2929317819719704,0.0034206440379768357,30664.132501334396,92047.994141075542,24415.326115607291
183,Republican,Chris Christie,INC110213,0.13628527313688366,0.18086465411854355,74554.648562867704,100491.75282178515,47970.967522652521
184,Republican,Chris Christie,PVY020213,0.083112799914295835,0.41585861693306014,41.055202270892266,33.548795065082132,11.394188340546757
185,Republican,Chris Christie,BZA010213,0.33987511903977091,0.00061719175742256174,16937.803909020276,59974.5333589285,48.886313958984147
186,Republican,Chris Christie,BZA110213,0.33045770561253635,0.00088968454875227318,351923.04235466692,1207284.5933838678,-2326.4492481961079
187,Republican,Chris Christie,BZA115213,0.10653513556483421,0.29644506542282922,65.071935532729412,68.312607172988265,-1.1842762405449829
188,Republican,Chris Christie,NES010213,0.33482297545297734,0.00075203872464256287,42533.35385433989,148081.23934319391,178.87111818024914
189,Republican,Chris Christie,SBO001207,0.34438428026256102,0.00051593757355165675,53617.730861299227,192708.5459317416,178.30213305501275
190,Republican,Chris Christie,SBO315207,0.2404865984236797,0.017066679864332138,6.3888467939178737,15.509050521931449,-0.067365532683022894
191,Republican,Chris Christie,SBO115207,0.14794113464656533,0.14601169370978068,0.53292597779466555,0.78108238467258906,-0.0038483067676062148
192,Republican,Chris Christie,SBO215207,0.25405096480103517,0.011593948685087917,6.1974048696903052,15.949760368054022,-0.064828063473832465
193,Republican,Chris Christie,SBO515207,0.14198337033486444,0.16313476324920795,0.1263758303939525,0.17760671324339541,-0.0012467959006886497
194,Republican,Chris Christie,SBO415207,0.40635826128068281,3.2994352096156284e-05,6.04749191142517,26.35177098574146,-0.18026597452206702
195,Republican,Chris Christie,SBO015207,0.23413880974207849,0.02031541621686252,146.22605556530198,345.04580511010494,10.313752018441416
196,Republican,Chris Christie,MAN450207,0.34070712705001049,0.00059723885893411387,17968625.293282785,63800713.809607536,-65803.795671622735
197,Republican,Chris Christie,WTN220207,0.24135224528874946,0.016660451266525704,9721478.4895374831,23689269.789598156,44774.668298088829
198,Republican,Chris Christie,RTN130207,0.35056731942812325,0.00040177240835798014,10078942.456252612,36965520.192479864,-73254.660824411374
199,Republican,Chris Christie,RTN131207,0.37835632425719029,0.00012238271720460379,42357.469669512298,169634.86253627553,8259.8039486440757
200,Republican,Chris Christie,AFN120207,0.31360565559121528,0.0016641161723649925,1350249.0569320349,4369321.8069103686,-9222.6895963762363
201,Republican,Chris Christie,BPS030214,0.28530819038993055,0.0044049146903922158,4495.0311878205612,13110.508155229236,-62.931078593793629
202,Republican,Chris Christie,LND110210,0.18929045641328426,0.061936312224124858,1472.6865868513794,2781.6216412408912,528.61572782456778
203,Republican,Chris Christie,POP060210,0.33771759738213847,0.00067180982401374373,1080.9107117250499,3799.9274087003096,5.0070490991419661
204,Republican,Donald Trump,PST045214,-0.22041238988425435,0.029192928883608367,109014.6602196365,-241363.03455220323,96564.944601390816
205,Republican,Donald Trump,PST040210,-0.2158618727401829,0.032782120608685378,103040.00425624596,-223192.20329061357,91052.885933154743
206,Republican,Donald Trump,PST120214,-0.36765413560947269,0.0001959265315424108,5.4318555493810381,-21.040584557798436,5.0155525329997364
207,Republican,Donald Trump,POP010210,-0.21580225663089314,0.032831505487307934,103046.2410756726,-223141.0569133707,91033.866480761149
208,Republican,Donald Trump,AGE135214,-0.028416908436310527,0.78119681096212412,1.4366225085893096,-0.40015710526654436,6.0302178212173452
209,Republican,Donald Trump,AGE295214,0.032340464249518017,0.75190444077465401,3.9540553560717835,1.2535793974585145,22.636880397580377
210,Republican,Donald Trump,AGE775214,0.28745577729920319,0.0041048342816946042,5.6654437438499343,16.659751448122464,14.422440612547994
211,Republican,Donald Trump,SEX255214,0.1179712212502696,0.24730655552668296,1.7437409147426837,2.0297238734312235,49.608464263352346
212,Republican,Donald Trump,RHI125214,0.14797228066147386,0.14592588244755691,6.5130488455668871,9.5478976852549184,93.103085065235391
213,Republican,Donald Trump,RHI225214,-0.18199766169951589,0.072880328724109961,3.1032511406785019,-5.6277237014105967,2.9472705270543873
214,Republican,Donald Trump,RHI325214,0.22359743310729882,0.026883687251290634,1.6109035586267777,3.6208389722408989,-0.51188574484034743
215,Republican,Donald Trump,RHI425214,-0.24985158475231167,0.013095746032761597,3.187336988331714,-8.0582898942742442,3.3039025018324506
216,Republican,Donald Trump,RHI525214,0.12721971431533574,0.21190977866776234,0.26271064202286876,0.33014973005151338,-0.010343283931118302
217,Republican,Donald Trump,RHI625214,0.038979764700355295,0.70314848654833617,1.0216627640231362,0.39049239848502343,1.1070789196610693
218,Republican,Donald Trump,RHI725214,0.11225457991208267,0.2711195496893688,9.5673289250540741,10.589710051227327,1.5918957409995631
219,Republican,Donald Trump,RHI825214,0.0042973202328548104,0.9665021597557959,13.004564298033344,0.5475618107995498,91.563757154362946
220,Republican,Donald Trump,POP715213,0.27621942819115386,0.0059028877665883057,6.7760471830544766,19.080955703254627,82.229554450244905
221,Republican,Donald Trump,POP645213,-0.087547188457543917,0.39133407325711811,6.2165400522966667,-5.3530006265327454,4.2936912809803953
222,Republican,Donald Trump,POP815213,0.071865535009816836,0.4819221306601047,9.5231822154160142,6.7229947237314027,3.6628571454750736
223,Republican,Donald Trump,EDU635213,-0.30768832823964049,0.0020560747349268969,5.7297390915611102,-18.154259317149823,95.018830266913611
224,Republican,Donald Trump,EDU685213,-0.42431111527830473,1.3358472331656934e-05,11.913535723012828,-54.697105260966808,34.407354072986706
225,Republican,Donald Trump,VET605213,-0.18329329634837721,0.070829682134925784,6846.1862771763672,-12506.956736414164,5664.8378484099903
226,Republican,Donald Trump,LFE305213,0.19651941271065343,0.052447956254495838,6.2837949503441903,12.34000996189851,16.132756296689919
227,Republican,Donald Trump,HSG010214,-0.21211256710299964,0.036012370167890002,45768.137689002062,-97333.355177854712,40044.982073562445
228,Republican,Donald Trump,HSG445213,0.095758021218577016,0.34826964973520869,9.3838829720038639,8.8449157567029246,73.35567488197286
229,Republican,Donald Trump,HSG096213,-0.32469467682198755,0.0011065802882105631,10.54836707555916,-35.480361622572808,22.168705962291472
230,Republican,Donald Trump,HSG495213,-0.34483798815604638,0.00050664306547867455,51082.626392980659,-183871.57636427041,154049.20933655294
231,Republican,Donald Trump,HSD410213,-0.21406945478284933,0.034294562503105204,41441.545030254674,-88984.099047548356,36418.431899611678
232,Republican,Donald Trump,HSD310213,-0.035967097819783703,0.72513714536210672,0.26179074931489826,-0.092315876878328415,2.4034336014127526
233,Republican,Donald Trump,INC910213,-0.22619595167587134,0.02511645680133865,4909.3112870461928,-11169.804635481803,28598.557691268074
234,Republican,Donald Trump,INC110213,-0.32706181534268419,0.0010122507552407904,11176.143063002786,-37898.694431969612,59460.512674928308
235,Republican,Donald Trump,PVY020213,0.17689666123019795,0.081422952624991496,6.3721011025713938,11.221258402986484,8.8003808874487515
236,Republican,Donald Trump,BZA010213,-0.22409242624274894,0.02653912673742348,2758.2708077542948,-6214.233921997371,2488.0742439109863
237,Republican,Donald Trump,BZA110213,-0.2116040262408021,0.036470418276935333,57269.530836685859,-121487.22607418377,45803.401609958499
238,Republican,Donald Trump,BZA115213,-0.016869873679754295,0.86904457732736229,10.283086468914968,-1.6999366694791014,0.1455758011996115
239,Republican,Donald Trump,NES010213,-0.22972985150294845,0.022872626015064547,6903.8043895410556,-15966.698870404531,6369.2661559855796
240,Republican,Donald Trump,SBO001207,-0.2273053642816136,0.024392667802766079,8740.0761612435872,-19988.502265648687,8021.51571731904
241,Republican,Donald Trump,SBO315207,-0.1461739914004255,0.15094291002551508,1.0232496224439149,-1.4814170914164537,0.52958205401790281
242,Republican,Donald Trump,SBO115207,-0.095473056929531411,0.34971264552019599,0.08429402654601427,-0.079213944618202456,0.027456057554165487
243,Republican,Donald Trump,SBO215207,-0.19757913285866308,0.051163306641050094,0.98710608312473325,-1.9493386906457633,0.66376424553279223
244,Republican,Donald Trump,SBO515207,-0.1019165494399159,0.31799801143773992,0.019958683586774616,-0.020034546745370158,0.0064160386964342312
245,Republican,Donald Trump,SBO415207,-0.041964520123497474,0.68160188927605236,1.0391907525714408,-0.42765729937736002,0.27129754186190475
246,Republican,Donald Trump,SBO015207,-0.16046465341162494,0.11447744956392568,23.330072807314274,-37.161705882097529,24.726621462716331
247,Republican,Donald Trump,MAN450207,-0.22964757201307637,0.022922851534980266,2923187.4984270516,-6758014.0627857763,2568675.3689704593
248,Republican,Donald Trump,WTN220207,-0.14321572058719345,0.15947598718403122,1558035.9217648271,-2209041.8157123677,942106.47593976045
249,Republican,Donald Trump,RTN130207,-0.1900078870426461,0.060936196554883103,1660420.1933521023,-3148545.2301305723,1246576.1557024103
250,Republican,Donald Trump,RTN131207,-0.080060679782550964,0.43324529911320719,7167.9518543332451,-5640.8727222256102,11944.42401793572
251,Republican,Donald Trump,AFN120207,-0.13702999880691136,0.17847056732311289,221355.97758794439,-300025.87695362233,127354.90786160159
252,Republican,Donald Trump,BPS030214,-0.23992512223350354,0.017334717317245833,715.4981281177013,-1732.5825032714001,571.04132662083737
253,Republican,Donald Trump,LND110210,-0.052659728449458508,0.60657146598719014,235.36595272796379,-121.6076419067583,596.87490298821501
254,Republican,Donald Trump,POP060210,-0.21543981318785604,0.033133098032242743,176.22956468075887,-380.94342915668352,156.10857067073826
255,Democrat,Hillary Clinton,PST045214,-0.13985486946188672,0.16960029420146583,80685.994828339637,-111660.79608795716,89494.522215226345
256,Democrat,Hillary Clinton,PST040210,-0.14323718024007143,0.15941282048297981,76147.265470326529,-107980.96780442273,86966.972530774219
257,Democrat,Hillary Clinton,PST120214,-0.2336755253121254,0.020572039906306044,4.1407396560906706,-9.7503442031567502,4.4077168470357648
258,Democrat,Hillary Clinton,POP010210,-0.14319989275211964,0.15952258851334827,76151.261985332487,-107957.93541257248,86949.777816859671
259,Democrat,Hillary Clinton,AGE135214,0.08865619141994735,0.38533859357855249,1.0437415179901126,0.91023000816201827,5.4501975023979812
260,Democrat,Hillary Clinton,AGE295214,0.2074017361090654,0.040445722273919606,2.8216998141601266,5.8614674442676558,19.933404977512353
261,Democrat,Hillary Clinton,AGE775214,0.32850406011186511,0.00095843064999886162,4.0733654181578203,13.881186574322333,11.707255802332456
262,Democrat,Hillary Clinton,SEX255214,0.23257093816487456,0.021195144565595927,1.2451988886458081,2.9174586079992908,48.641447113023233
263,Democrat,Hillary Clinton,RHI125214,0.36617835609434812,0.00020879620938985268,4.4680433623405396,17.226951592667451,86.736690268069637
264,Democrat,Hillary Clinton,RHI225214,-0.2534135634958089,0.011811738020117615,2.2259067119878653,-5.7132757896966941,4.3958317094604942
265,Democrat,Hillary Clinton,RHI325214,0.00039998962366491448,0.99688116528296078,1.2050224000376797,0.004722581880834591,0.46081510534968334
266,Democrat,Hillary Clinton,RHI425214,-0.41663954996761959,1.9783437220966039e-05,2.1817837758547158,-9.7973730712409086,6.2168105490535108
267,Democrat,Hillary Clinton,RHI525214,-0.026724493849564025,0.79392964619272277,0.1930430391026311,-0.050565510120482403,0.10480615675587682
268,Democrat,Hillary Clinton,RHI625214,-0.22378973940832156,0.026749375559314791,0.72655621422385186,-1.6345639456964067,2.0603000389687125
269,Democrat,Hillary Clinton,RHI725214,-0.078803950309221479,0.44052291330617466,6.9980985641099354,-5.4202131121194084,7.2560279151603204
270,Democrat,Hillary Clinton,RHI825214,0.23963081527374031,0.017476659399290714,9.2054839667773081,22.262117568019416,80.16104726789851
271,Democrat,Hillary Clinton,POP715213,0.28124974655317952,0.0050258778849811758,4.9329255432753518,14.165320819070203,80.019023091371182
272,Democrat,Hillary Clinton,POP645213,-0.26461845164548775,0.0084611594889058891,4.3877711616095709,-11.796782939103284,8.9725247810072091
273,Democrat,Hillary Clinton,POP815213,-0.11454387705384056,0.26140410542582765,6.9155539304340463,-7.8127218011935815,9.5269167345070187
274,Democrat,Hillary Clinton,EDU635213,-0.085126687095895659,0.40461186401505445,4.3746264212900714,-3.6620276441307094,92.029548934345144
275,Democrat,Hillary Clinton,EDU685213,-0.33018093404581444,0.00089914213054758654,9.0545485813325772,-31.032752630123394,35.777145994679834
276,Democrat,Hillary Clinton,VET605213,-0.14338218109057088,0.15898649715874061,5025.1274966888141,-7133.2693335248914,5997.4395843170732
277,Democrat,Hillary Clinton,LFE305213,0.12911174864268624,0.20513650694408972,4.6335354390245129,5.9110439652678028,16.389316016183248
278,Democrat,Hillary Clinton,HSG010214,-0.13830232725165417,0.17443421765840383,33818.498634401345,-46271.455001852708,37838.378873155118
279,Democrat,Hillary Clinton,HSG445213,0.2607613997912151,0.0095055474726078934,6.6355979589798118,17.561039317866044,66.626621998807153
280,Democrat,Hillary Clinton,HSG096213,-0.34483225599554701,0.00050675952812045835,7.6326603787953919,-27.473192306308444,26.86708635524748
281,Democrat,Hillary Clinton,HSG495213,-0.30881857631256637,0.0019753201640254473,37738.793161673479,-120058.0504847392,166818.89364180167
282,Democrat,Hillary Clinton,HSD410213,-0.14139201072122512,0.16491243643892878,30621.420877482935,-42851.985474015812,34686.308177819737
283,Democrat,Hillary Clinton,HSD310213,-0.063241357871843026,0.53615054791654704,0.19061345150719583,-0.11834790193370241,2.43997345993693
284,Democrat,Hillary Clinton,INC910213,-0.073146070018027406,0.47412841112638748,3664.7856155122968,-2633.5412208229964,26956.697993599442
285,Democrat,Hillary Clinton,INC110213,-0.16959676654970288,0.095018659999404453,8497.8636573014719,-14328.487463122838,56687.774949617153
286,Democrat,Hillary Clinton,PVY020213,-0.10502736304881537,0.30337280264964089,4.694248535059403,-4.8574994801453881,14.342648582326451
287,Democrat,Hillary Clinton,BZA010213,-0.1314999970098506,0.19680989092565554,2045.6219097520218,-2658.7318325928163,2193.9002043692017
288,Democrat,Hillary Clinton,BZA110213,-0.12238429715372803,0.22993869720863319,42401.618080650493,-51229.575929300867,39664.171307401048
289,Democrat,Hillary Clinton,BZA115213,0.028318631922800569,0.78193465030310905,7.4954801577141055,2.0805662727221552,-1.3916978789444692
290,Democrat,Hillary Clinton,NES010213,-0.12436616074115604,0.22242359858705979,5131.751425608004,-6302.1437366291902,5338.8928396827669
291,Democrat,Hillary Clinton,SBO001207,-0.11232926336957914,0.27079881197417088,6502.2843700489166,-7201.9790455865323,6374.8635160494614
292,Democrat,Hillary Clinton,SBO315207,-0.15051240951252093,0.1390546510862522,0.74556270513583744,-1.112161679687262,0.70763123064998812
293,Democrat,Hillary Clinton,SBO115207,-0.015081382064370501,0.88282352745888026,0.061733965364384268,-0.0091232658038714158,0.010855841324467777
294,Democrat,Hillary Clinton,SBO215207,-0.1099065602067851,0.28133415581532789,0.72972629218820917,-0.79060256184607436,0.54896109445983321
295,Democrat,Hillary Clinton,SBO515207,0.019075577371627669,0.85210551419632241,0.014625426442977912,0.0027340148915501487,-0.00039807129755987047
296,Democrat,Hillary Clinton,SBO415207,-0.16117923158672751,0.11285144039634409,0.7484289916446536,-1.1975980567359128,0.77746809382385196
297,Democrat,Hillary Clinton,SBO015207,-0.1535187995609758,0.13124231338673326,17.02903404212827,-25.921862277949451,28.167317219615715
298,Democrat,Hillary Clinton,MAN450207,-0.12606830508931166,0.21610874404153727,2172356.5251369392,-2704901.9118472701,2152006.721508923
299,Democrat,Hillary Clinton,WTN220207,-0.037842326408597853,0.71142281247021577,1146977.2790435981,-425578.27072732127,567976.74668500666
300,Democrat,Hillary Clinton,RTN130207,-0.13211886565641612,0.19469251916590852,1222270.1426269808,-1596215.4793612265,1226780.4596747099
301,Democrat,Hillary Clinton,RTN131207,-0.25984852695726968,0.0097686931010784947,5062.8988954535998,-13348.598186278668,17350.851783483049
302,Democrat,Hillary Clinton,AFN120207,-0.12955073499972738,0.20358737570354862,161555.00602936151,-206809.89538888165,153851.5013372213
303,Democrat,Hillary Clinton,BPS030214,-0.081857192384776054,0.42296167677818397,535.56358917447187,-430.98625319946973,328.03567391762283
304,Democrat,Hillary Clinton,LND110210,0.0079159602967766706,0.9383373566501817,171.83886747482842,13.328283841486998,557.20891232734277
305,Democrat,Hillary Clinton,POP060210,-0.1399676608144145,0.16925300371745208,130.28395592046402,-180.44738860599401,147.13517830277311
306,Republican,Jeb Bush,PST045214,0.21941339625487827,0.029950972688948582,504663.69481018221,1112025.6161250686,5236.4343937738813
307,Republican,Jeb Bush,PST040210,0.21756065734844166,0.031400962182650684,476710.81338659575,1041118.9206717638,6296.6847351174256
308,Republican,Jeb Bush,PST120214,0.090005694541529749,0.37811792247429943,26.923613529959482,23.839944019661388,-1.2153945931185146
309,Republican,Jeb Bush,POP010210,0.21760241658852267,0.031367639259368939,476728.68703702826,1041367.7310895681,6285.5496313489966
310,Republican,Jeb Bush,AGE135214,0.031333129787962585,0.75939332797729231,6.6484697009219058,2.0420876570180244,5.8741056799563074
311,Republican,Jeb Bush,AGE295214,-0.09883358959686056,0.33293338535105876,18.220292241902126,-17.730748225013656,23.394238121245216
312,Republican,Jeb Bush,AGE775214,0.013092704343753196,0.89818565974838283,27.374206006569217,3.5119128891316125,18.826044511196066
313,Republican,Jeb Bush,SEX255214,0.20454413065599317,0.043350523224533859,7.9553917237264269,16.287889131622073,49.769511196067725
314,Republican,Jeb Bush,RHI125214,-0.10370180848576023,0.30955008765190972,30.3152258063296,-30.969244948115779,96.407639268159485
315,Republican,Jeb Bush,RHI225214,0.16245677408246442,0.10998913144650564,14.412531245874046,23.249931731294367,0.88122610595303164
316,Republican,Jeb Bush,RHI325214,-0.13331449005322202,0.19064854168032785,7.5810553503428233,-9.9916370835608959,0.69980202075368658
317,Republican,Jeb Bush,RHI425214,0.088842707967590889,0.38433570560335062,15.174741825645738,13.26170808301474,0.81972282905516136
318,Republican,Jeb Bush,RHI525214,0.035609782054052762,0.72776037441800234,1.2250738852774616,0.42770344074276362,0.068446204259967225
319,Republican,Jeb Bush,RHI625214,0.092335392721371493,0.36584724387464418,4.7118923047870398,4.2811305297651554,1.1108956854178045
320,Republican,Jeb Bush,RHI725214,0.0020502662928724878,0.98401449374615302,44.561558223723075,0.89517340251228006,4.4226856908793017
321,Republican,Jeb Bush,RHI825214,-0.056275810813806379,0.58205147826963644,60.093558902753863,-33.187465865647177,92.496886947023484
322,Republican,Jeb Bush,POP715213,-0.1482896348013702,0.145053695780891,32.269993015314235,-47.410397323866746,88.490735936646644
323,Republican,Jeb Bush,POP645213,0.027620796711835358,0.78717937021756201,28.871586256630206,7.8164254505734538,2.6669989077007101
324,Republican,Jeb Bush,POP815213,0.041325023984310455,0.6861975857910243,44.152188667656844,17.892545057345707,5.0498907700710012
325,Republican,Jeb Bush,EDU635213,0.086070079922599366,0.39940559098597783,27.767332855876745,23.503720644456536,89.573177225559789
326,Republican,Jeb Bush,EDU685213,0.16312489257494076,0.10851488062493561,60.07651279301578,97.323354724194431,17.37254915346805
327,Republican,Jeb Bush,VET605213,0.20476137749897402,0.04312375852813799,31548.999968276647,64665.107864554884,765.66275259421082
328,Republican,Jeb Bush,LFE305213,-0.32870971166227136,0.00095097257974688224,28.013125752074245,-95.529935827416736,21.717647460404148
329,Republican,Jeb Bush,HSG010214,0.22718421174827891,0.024470833260481953,211090.86916048464,482492.24638175854,2409.2549836155104
330,Republican,Jeb Bush,HSG445213,-0.19055582347240557,0.060181261874661253,42.831980136833394,-81.462486346258856,77.666254778809403
331,Republican,Jeb Bush,HSG096213,0.21850950936405145,0.030651135151479214,50.369827156335383,110.50962588749316,9.9971190606226124
332,Republican,Jeb Bush,HSG495213,0.088265345517377164,0.38744524674401948,250889.45561455502,217824.44702348448,99372.931458219551
333,Republican,Jeb Bush,HSD410213,0.22430471766418292,0.026392507042092849,191350.3771721464,431532.00436919718,2237.7015292190044
334,Republican,Jeb Bush,HSD310213,-0.22841635442660307,0.023685754955314803,1.1803657146959405,-2.7134079737848165,2.4428072091753146
335,Republican,Jeb Bush,INC910213,0.1911591109401444,0.059358911461655402,22895.939458574339,43689.054819770623,24556.075436919717
336,Republican,Jeb Bush,INC110213,0.021037768002866955,0.83709253487816926,54724.21742368416,11282.646095030044,48986.676133260517
337,Republican,Jeb Bush,PVY020213,0.010202925566599772,0.92057420094972109,29.962676310677338,2.9954601310759013,11.75153604587657
338,Republican,Jeb Bush,BZA010213,0.24067810830463179,0.016976079162613851,12714.058930931031,30889.715319497544,83.212861824139736
339,Republican,Jeb Bush,BZA110213,0.23811854544767641,0.018221939523964118,263398.18979633914,632727.64199890755,-1893.9503003823029
340,Republican,Jeb Bush,BZA115213,0.07126179077723134,0.48562034815293142,47.478463629584866,33.234912616056796,-1.0990305843801202
341,Republican,Jeb Bush,NES010213,0.23359156390659783,0.020618844594930835,31922.347268570342,75140.097624249043,290.34666848716529
342,Republican,Jeb Bush,SBO001207,0.23901271433188881,0.017778033163447386,40334.662936359033,97276.619675040944,335.41063626433652
343,Republican,Jeb Bush,SBO315207,0.11407095557417349,0.26339144104435142,4.7560282146396826,5.3505598033861244,0.003945931185144802
344,Republican,Jeb Bush,SBO115207,0.21986995008243762,0.029602494739634142,0.3823335096125503,0.84431321682140914,-0.01386537411250683
345,Republican,Jeb Bush,SBO215207,0.14219513069778228,0.16250166563582571,4.6130898644696794,6.4930365920262139,-0.014937192790824644
346,Republican,Jeb Bush,SBO515207,0.19603167908899369,0.053048070168144147,0.091055650459681614,0.17835199344620425,-0.0032018022938285094
347,Republican,Jeb Bush,SBO415207,0.17393147061465128,0.086745099399677936,4.7405018514034278,8.2036796832332062,-0.03808711086837796
348,Republican,Jeb Bush,SBO015207,-0.02241706420347693,0.82657386423502133,109.367526846638,-24.027682960131084,15.287185963954125
349,Republican,Jeb Bush,MAN450207,0.23730014184978404,0.018636571891784939,13503703.032565692,32320057.797992893,-16496.051952484879
350,Republican,Jeb Bush,WTN220207,0.19181380765936307,0.058476892345029369,7150796.9334520902,13693359.458629161,23006.123020207568
351,Republican,Jeb Bush,RTN130207,0.22963421401578374,0.022931014490967669,7618264.5876192208,17611315.66937466,-18299.421968869574
352,Republican,Jeb Bush,RTN131207,0.25791140787047423,0.01034834137077827,32155.940341184876,84103.578986892389,8434.2213954123436
353,Republican,Jeb Bush,AFN120207,0.22511692526094651,0.025837896132251768,1007699.8609673661,2281224.9146641172,-7451.4673675586964
354,Republican,Jeb Bush,BPS030214,0.23519392078411627,0.019741205563978851,3315.4518065999218,7860.6994128891301,-81.661455488803924
355,Republican,Jeb Bush,LND110210,-0.15331930497063762,0.1317501098396972,1077.948823573563,-1638.6869367831789,602.91738462588751
356,Republican,Jeb Bush,POP060210,0.23865499833637974,0.017954487761962099,811.11369584287854,1953.0886469142542,7.2779014199890852
357,Republican,John Kasich,PST045214,0.40874136143933631,2.9349150180807402e-05,586906.97933479364,2575426.1155376649,-262.96965220522907
358,Republican,John Kasich,PST040210,0.40797294259462691,3.0481205311146741e-05,554371.82384280092,2427169.9919675752,950.69530333945295
359,Republican,John Kasich,PST120214,0.37348541099683569,0.00015192036936460698,31.176409923513443,122.98658492673876,-2.1707832076151088
360,Republican,John Kasich,POP010210,0.40794966217947537,3.0516131699235844e-05,554404.21361089207,2427145.6361773051,945.75137336003172
361,Republican,John Kasich,AGE135214,-0.046080705793021023,0.65230512684594166,8.2608028017955171,-3.7336927920525165,5.9685867548079141
362,Republican,John Kasich,AGE295214,-0.24683062538368872,0.014278282356822726,22.058998464736508,-55.051656803094808,23.654770983556606
363,Republican,John Kasich,AGE775214,-0.36819672763877342,0.00019138219275686663,31.644105452271607,-122.78438939719884,20.426447913877627
364,Republican,John Kasich,SEX255214,0.036390503176230785,0.72203282788754297,10.097253749200428,3.6025888413919347,50.110584335847705
365,Republican,John Kasich,RHI125214,-0.44719696818822002,3.9052531624261912e-06,33.892730382682636,-166.03207430454893,97.72617185696744
366,Republican,John Kasich,RHI225214,0.38052424124866097,0.00011103294066043777,16.793115436109034,67.704111309100668,0.59500327759876659
367,Republican,John Kasich,RHI325214,-0.01375335803034651,0.89307779058299697,9.5089257648743928,-1.2814949543444341,0.47910092234399093
368,Republican,John Kasich,RHI425214,0.43387258393933276,8.0780736182859511e-06,17.064882028807762,80.517214318028664,0.13871074960068663
369,Republican,John Kasich,RHI525214,-0.025536137099575529,0.80290284888340013,1.5235089910827853,-0.38130937762554146,0.083283323023515612
370,Republican,John Kasich,RHI625214,0.3430257064783605,0.00054471226833210863,5.5261142517397657,19.772691601037753,0.96791092317493155
371,Republican,John Kasich,RHI725214,0.051498493040970358,0.61454087968730509,55.32653574867058,27.953762775710675,4.098448911006269
372,Republican,John Kasich,RHI825214,-0.25873779478575631,0.010097474404986633,72.280165034661593,-189.69726066604505,94.055340639454911
373,Republican,John Kasich,POP715213,-0.36880128839671072,0.00018643379061230838,37.707634922574989,-146.58991238193727,89.179799835658443
374,Republican,John Kasich,POP645213,0.19970868547385331,0.048660112709758681,35.184159579189988,70.261561614240492,1.9838086620934159
375,Republican,John Kasich,POP815213,0.047432665570940759,0.64279397658348003,54.876088049359986,25.532032757522312,5.1579664115371493
376,Republican,John Kasich,EDU635213,0.35319377479305358,0.00036071759334004754,32.416396920096282,119.90748862073096,88.647877870207068
377,Republican,John Kasich,EDU685213,0.58532449227647187,2.453697248904523e-10,61.379500366198364,434.15257914708576,14.311645169927335
378,Republican,John Kasich,VET605213,0.40915977713528784,2.8749389112442346e-05,36563.717885964696,160643.72039774357,311.41280202380131
379,Republican,John Kasich,LFE305213,-0.20798308314774272,0.039875112399307862,36.069310925367851,-75.145645409976851,20.384707924402875
380,Republican,John Kasich,HSG010214,0.40831315342992958,2.9975051142497477e-05,245992.01335872296,1078088.5136320412,509.42663256732703
381,Republican,John Kasich,HSG445213,-0.35989887569253681,0.00027277982633679387,50.608827749032493,-191.27789421203752,78.101403366232432
382,Republican,John Kasich,HSG096213,0.53738849432524793,1.1616487864820357e-08,54.118161568301424,337.88350213736373,8.4379906011393118
383,Republican,John Kasich,HSG495213,0.46797719924393899,1.1804060159126446e-06,276728.83327970683,1435786.7621940526,86787.369703908189
384,Republican,John Kasich,HSD410213,0.41020730391975374,2.7297759738030052e-05,222627.60654015618,981130.66078237677,329.5894876789971
385,Republican,John Kasich,HSD310213,-0.059165073533912552,0.5627938296881787,1.5046645261511924,-0.87378013313513847,2.3893688545023131
386,Republican,John Kasich,INC910213,0.40490992989464741,3.5412126782776713e-05,26515.906553985697,115049.55175374619,24168.663192104217
387,Republican,John Kasich,INC110213,0.2988061225542617,0.0028019266996780747,64940.520520737395,199227.66847319296,46791.890749785343
388,Republican,John Kasich,PVY020213,-0.024501022975103461,0.81073986733085923,37.241029003501602,-8.9427666626658304,11.932956024780493
389,Republican,John Kasich,BZA010213,0.40100482582866459,4.2781655252237299e-05,14918.392656089447,63984.646065496599,23.812179741669524
390,Republican,John Kasich,BZA110213,0.37979358004669339,0.00011474419430913268,311897.58743008575,1254642.6955710871,-2418.8908605774141
391,Republican,John Kasich,BZA115213,0.074130643637816476,0.46818267680928061,59.013919214224394,42.981783936996244,-0.84337694232349447
392,Republican,John Kasich,NES010213,0.39897121939418939,4.7164027469689939e-05,37426.555990947862,159553.01862230062,97.554024983611725
393,Republican,John Kasich,SBO001207,0.40841645930522746,2.9822919048885064e-05,47138.340978254775,206651.97440703164,84.657744827394708
394,Republican,John Kasich,SBO315207,0.16209497822216259,0.11079393559763046,5.8729403737165899,9.4524101891774635,0.013807461845980529
395,Republican,John Kasich,SBO115207,0.3678335857156238,0.00019441266614554,0.45308876236832379,1.7560543250454708,-0.015577365179898623
396,Republican,John Kasich,SBO215207,0.3300200350679921,0.00090468228580193114,5.4693581713073005,18.734939202851052,-0.092734809945434926
397,Republican,John Kasich,SBO515207,0.14447747283439966,0.1557935792980884,0.11423108372181386,0.16341830469666058,-0.00099897517334342819
398,Republican,John Kasich,SBO415207,0.34924417726999002,0.00042404345890149605,5.6078717542708407,20.478991053540273,-0.096939369039155815
399,Republican,John Kasich,SBO015207,0.2315260610084672,0.021799389961840325,132.30698484742919,308.5189869911643,10.905954150547961
400,Republican,John Kasich,MAN450207,0.29654138713159656,0.003027426383600196,16504403.726523386,50212090.39709726,128153.87274607364
401,Republican,John Kasich,WTN220207,0.22954574758159413,0.022985138316215258,8816356.7711741589,20372684.067176931,95427.281578048307
402,Republican,John Kasich,RTN130207,0.41273598700113101,2.4071269588183263e-05,8863712.1552078687,39352868.969910733,-87667.503291447996
403,Republican,John Kasich,RTN131207,0.4529234919847846,2.8303884111006767e-06,36889.483199547169,183619.00453324226,8156.238627655548
404,Republican,John Kasich,AFN120207,0.46095702888713491,1.78404507240181e-06,1141047.2074268928,5807233.0603539823,-25207.767715190545
405,Republican,John Kasich,BPS030214,0.33759290222797766,0.0006750977692099421,3991.8370409662671,14027.402572222582,-68.910046071036206
406,Republican,John Kasich,LND110210,0.092729799756724199,0.36379435766684209,1350.3212627601999,1232.1606300375774,548.89799466351519
407,Republican,John Kasich,POP060210,0.41798210705437144,1.8482242586191932e-05,943.33990074856592,4252.6336198539402,0.96388455466202316
408,Republican,Marco Rubio,PST045214,0.42408536354006554,1.351558789479585e-05,100473.66343985029,460992.72171516978,-55161.140995314985
409,Republican,Marco Rubio,PST040210,0.42080660850119606,1.6002214091765824e-05,95028.259843239182,431908.41076779773,-50308.086335868546
410,Republican,Marco Rubio,PST120214,0.54036597133247999,9.3015626706606208e-09,4.8787302382173978,30.698161672107073,-6.4260337610914888
411,Republican,Marco Rubio,POP010210,0.42073311951766701,1.6062579314331945e-05,95036.300044680262,431853.29280716862,-50302.962308091417
412,Republican,Marco Rubio,AGE135214,0.23042064454154573,0.022454647065612243,1.3882817939110788,3.2209287864636567,5.3165199682934281
413,Republican,Marco Rubio,AGE295214,0.040303595451476562,0.69356170223093516,3.9239457455553604,1.5507986626459829,22.682749753627125
414,Republican,Marco Rubio,AGE775214,-0.46413325345921219,1.4816390738996554e-06,5.2009969202408479,-26.702147605142649,23.932457073963363
415,Republican,Marco Rubio,SEX255214,0.089028417364240622,0.38333872076024877,1.7362142645038887,1.5205320146548691,49.869055834467588
416,Republican,Marco Rubio,RHI125214,-0.34418114714313619,0.00052014936608739892,6.1378836532527501,-22.045527633645893,99.821748443407103
417,Republican,Marco Rubio,RHI225214,0.40922507316201184,2.8656834021744159e-05,2.8585025350692241,12.561318423037763,-0.93143333109310311
418,Republican,Marco Rubio,RHI325214,-0.11709182672094876,0.25087271755691798,1.6293523738079181,-1.882240049142673,0.81735691373463581
419,Republican,Marco Rubio,RHI425214,0.28389560116039048,0.0046128149417375757,3.1331718726592221,9.0891960864242751,-0.57620835764610079
420,Republican,Marco Rubio,RHI525214,0.061762375304752107,0.54574479105118634,0.26242006160654313,0.15910599780541285,0.048640018616932748
421,Republican,Marco Rubio,RHI625214,0.20919707518577924,0.03870520060586382,0.99249073846143399,2.0803433077968143,0.82088562017814237
422,Republican,Marco Rubio,RHI725214,0.081250592963513044,0.42641814901692521,9.5260340569595972,7.6087369566842309,3.0125033210874448
423,Republican,Marco Rubio,RHI825214,-0.23536206025637196,0.019651001851690789,12.546740002056875,-29.769937359423004,97.311618011819618
424,Republican,Marco Rubio,POP715213,-0.38743546366026327,8.1042747358630359e-05,6.4520635526222136,-26.567537571470101,92.366317578241052
425,Republican,Marco Rubio,POP645213,0.1879426327829819,0.063851351338482562,6.0843837085979278,11.40739363569728,0.70605398910494888
426,Republican,Marco Rubio,POP815213,0.049808947734269235,0.6262162551899555,9.466144398194416,4.625466129932879,4.6033153717199751
427,Republican,Marco Rubio,EDU635213,0.25185021642497979,0.012361090121653895,5.785066939803488,14.750810094095899,87.35463331740047
428,Republican,Marco Rubio,EDU685213,0.61485500338756705,1.6378022967722193e-11,10.299810757694551,78.678971910666363,4.8752497332138276
429,Republican,Marco Rubio,VET605213,0.39895446826691416,4.7201805673899297e-05,6339.1489527572849,27023.054078295379,-2787.1329080352398
430,Republican,Marco Rubio,LFE305213,-0.31022967255939937,0.0018785260972258393,6.0479255502494649,-19.337459542402826,23.093932695140182
431,Republican,Marco Rubio,HSG010214,0.4156508927956834,2.0795997307873411e-05,42284.381700525293,189334.62452711797,-21786.572834509654
432,Republican,Marco Rubio,HSG445213,-0.32803575132783347,0.00097561348313933915,8.8402982880310947,-30.077777826630125,81.396060326650542
433,Republican,Marco Rubio,HSG096213,0.56690704572567086,1.1620401069156434e-09,9.1200130395742551,61.493718355454014,1.0449164122331656
434,Republican,Marco Rubio,HSG495213,0.54931293784906321,4.7077773423796946e-09,45141.608544597162,290753.77065119694,49832.280451780956
435,Republican,Marco Rubio,HSD410213,0.41799072251949632,1.8474157819731316e-05,38258.661114022994,172476.67772230247,-19993.173780493547
436,Republican,Marco Rubio,HSD310213,0.097552751854320108,0.33926733629335082,0.2588004526411059,0.2485515976079378,2.3318132933316336
437,Republican,Marco Rubio,INC910213,0.39357564480667973,6.0905575899863185e-05,4599.2260455451151,19292.788168323703,21960.940380905962
438,Republican,Marco Rubio,INC110213,0.4018358900579605,4.1102658783514862e-05,10750.37425947327,46222.045472674756,40558.371119038457
439,Republican,Marco Rubio,PVY020213,-0.14092674375160436,0.16632112407643218,6.3626249113799433,-8.8740398681237753,13.491855091925816
440,Republican,Marco Rubio,BZA010213,0.41922315376029129,1.7351193493708195e-05,2550.7084679188679,11540.156814997059,-1356.4829698090382
441,Republican,Marco Rubio,BZA110213,0.40979761830695738,2.7857124105284458e-05,53058.622238257522,233551.22522217527,-30851.320287714512
442,Republican,Marco Rubio,BZA115213,0.12043154810570147,0.23751550141810446,10.134884699620997,12.046675489401098,-2.5784949930877405
443,Republican,Marco Rubio,NES010213,0.4100930097307745,2.7452744954787701e-05,6422.1991428381043,28293.462592464421,-3253.4620036191218
444,Republican,Marco Rubio,SBO001207,0.41328441082440687,2.3420335322957013e-05,8112.7777997998737,36076.601863326345,-4148.5329791049426
445,Republican,Marco Rubio,SBO315207,0.37515108806492248,0.00014114753506562291,0.95178833262660245,3.7741528636096122,-0.5793906346276203
446,Republican,Marco Rubio,SBO115207,0.21685798155759228,0.031966180036677332,0.082059985711278496,0.17860855386505489,-0.027477829582205623
447,Republican,Marco Rubio,SBO215207,0.45131431474123629,3.100182982871947e-06,0.89198837943983267,4.420092594744423,-0.69274313343579763
448,Republican,Marco Rubio,SBO515207,0.15944950478311867,0.11681853097228474,0.019661337055269304,0.031114585211095541,-0.0048329438056301756
449,Republican,Marco Rubio,SBO415207,0.36216147314069486,0.00024788890788407953,0.96239578591947816,3.6637168919771947,-0.53310494510705664
450,Republican,Marco Rubio,SBO015207,0.35433007730003052,0.00034418250355388696,21.940888657625834,81.457355981003701,-0.60558994761003859
451,Republican,Marco Rubio,MAN450207,0.38604871226336507,8.6376440054393303e-05,2750323.9556174618,11277306.189109471,-1372882.6112492057
452,Republican,Marco Rubio,WTN220207,0.28688307362084559,0.0041830177135921704,1497040.589309453,4392625.7235730952,-479176.05958973023
453,Republican,Marco Rubio,RTN130207,0.39527125972128946,5.6229737993269515e-05,1542120.6453764853,6501889.3864326272,-824529.83396195807
454,Republican,Marco Rubio,RTN131207,0.34045902548955781,0.00060312600945295128,6711.8942321311097,23812.111636901976,5945.6521414497483
455,Republican,Marco Rubio,AFN120207,0.36314355189750047,0.00023775209941460858,206683.13779692905,789273.32981491718,-101926.99090273274
456,Republican,Marco Rubio,BPS030214,0.38253204350875997,0.00010140067805706862,675.97935019710224,2742.1553245118553,-411.43240370102603
457,Republican,Marco Rubio,LND110210,0.06974669233708107,0.49496721970627455,233.39618551143073,159.88653814869559,534.04573247643521
458,Republican,Marco Rubio,POP060210,0.42536655313461957,1.2646405160387435e-05,162.13010713286721,746.62734541005307,-86.943078979385049
459,Democrat,Martin O'Malley,PST045214,-0.064175988797221681,0.53013094459803001,277152.6178071539,-174631.80806127493,32996.414341727817
460,Democrat,Martin O'Malley,PST040210,-0.066461945522793761,0.51555178432763826,261650.87106183922,-170762.36338244996,32346.272474723188
461,Democrat,Martin O'Malley,PST120214,0.00074104576575291709,0.99422188718506432,14.514384972609365,0.10538514654906722,-0.65188607186706127
462,Democrat,Martin O'Malley,POP010210,-0.066419093199535359,0.51582318740750011,261663.92523115061,-170660.28788053602,32340.189099426851
463,Democrat,Martin O'Malley,AGE135214,0.079662043854040854,0.43554632093674073,3.5600139493999743,2.7875404449939492,5.8995513259365291
464,Democrat,Martin O'Malley,AGE295214,0.15165647048570963,0.13604119169587084,9.7170258741418554,14.607724455725336,22.854497773603477
465,Democrat,Martin O'Malley,AGE775214,-0.035285672885849682,0.73014253717872291,14.689511504132692,-5.0817337578586859,18.950926486480366
466,Democrat,Martin O'Malley,SEX255214,-0.14990890711023294,0.14066452478342531,4.3142543710054531,-6.4092077688828111,50.207749104632157
467,Democrat,Martin O'Malley,RHI125214,0.025610515283035432,0.80234046007096205,16.359322991033302,4.1064045584241518,95.640758615617031
468,Democrat,Martin O'Malley,RHI225214,-0.039081081407392859,0.702413114361776,7.8363795221070633,-3.002960082792776,1.4562998251698798
469,Democrat,Martin O'Malley,RHI325214,-0.00091576349989484947,0.99285960319582611,4.1069803670102587,-0.03685036170179707,0.46356800552214233
470,Democrat,Martin O'Malley,RHI425214,0.0062244311933899012,0.9514956325089563,8.1796133792763275,0.4988574665892937,1.129575711626486
471,Democrat,Martin O'Malley,RHI525214,0.21476993810816281,0.033696651170847261,0.642809695680441,1.384988126951219,0.067194740385757845
472,Democrat,Martin O'Malley,RHI625214,-0.12779078035443631,0.20984887858561671,2.5198714657309234,-3.1811849629860518,1.2383760601551406
473,Democrat,Martin O'Malley,RHI725214,0.30371371458009511,0.002364275539225193,22.795307191723115,71.196792985344274,3.8590467514979379
474,Democrat,Martin O'Malley,RHI825214,-0.19991207532796623,0.048426425984884731,31.663536099411754,-63.298072932720551,92.231172946028991
475,Democrat,Martin O'Malley,POP715213,0.0099662992631892391,0.92241045036464975,17.518815670072463,1.7107866519035726,87.354314456583865
476,Democrat,Martin O'Malley,POP645213,0.24848854267452805,0.013618309549312535,15.020887233532706,37.755261938914515,2.5419083075425899
477,Democrat,Martin O'Malley,POP815213,0.220139610152146,0.029398285637045284,23.143855707051145,51.174820526684698,5.0531047905716218
478,Democrat,Martin O'Malley,EDU635213,-0.36069004572602076,0.00026382529121734709,13.956716632285932,-52.883196407261927,90.563989521508617
479,Democrat,Martin O'Malley,EDU685213,-0.08110746293361025,0.42723607791150586,32.585706401673995,-25.981054781334443,19.889946419377285
480,Democrat,Martin O'Malley,VET605213,-0.077555380976142105,0.44782110061038316,17253.429282422127,-13150.22032727943,2404.529871055714
481,Democrat,Martin O'Malley,LFE305213,0.058868007667951465,0.56475981294670619,15.897785971794292,9.1855553470047049,19.380669672914905
482,Democrat,Martin O'Malley,HSG010214,-0.068334975971058823,0.50376072056967613,116107.24622688866,-77920.973193944839,14471.585545113527
483,Democrat,Martin O'Malley,HSG445213,0.024672756597098958,0.8094383288662369,23.418912372168275,5.6630740433973399,75.691236993827204
484,Democrat,Martin O'Malley,HSG096213,-0.14577000053493028,0.15208758986487433,27.417598561988935,-39.581937812431669,12.938402652438853
485,Democrat,Martin O'Malley,HSG495213,-0.10818679787242191,0.28897670434854061,134438.40232101813,-143347.39042613833,105707.08825809225
486,Democrat,Martin O'Malley,HSD410213,-0.06806327036370946,0.5054624239176424,105179.18964574311,-70305.053837689687,13031.067023870819
487,Democrat,Martin O'Malley,HSD310213,0.13270882860084085,0.19268940524059111,0.64519801123055187,0.84642181265895988,2.3716186779674446
488,Democrat,Martin O'Malley,INC910213,-0.10541426466019672,0.3015850933465915,12454.166781046404,-12935.289731663936,25696.601104428464
489,Democrat,Martin O'Malley,INC110213,-0.050215999860234409,0.62339478471660992,29351.247021899584,-14459.4757949949,49372.54977566297
490,Democrat,Martin O'Malley,PVY020213,-0.011282523732060089,0.91220181747392415,16.086986415945184,-1.7784604469914416,11.837057761834981
491,Democrat,Martin O'Malley,BZA010213,-0.067211100648417066,0.51081886079663119,7017.1002555763407,-4631.4550554735715,852.52368693526762
492,Democrat,Martin O'Malley,BZA110213,-0.060111756351425356,0.55655045853598684,145345.31398212307,-85759.479066756001,13789.361027027946
493,Democrat,Martin O'Malley,BZA115213,0.11067502843306351,0.27796316582919883,25.399494318043658,27.71319397927082,-0.53988899136033686
494,Democrat,Martin O'Malley,NES010213,-0.065801413205785725,0.51974332273650692,17588.785920612358,-11364.463853066936,2162.5244224665194
495,Democrat,Martin O'Malley,SBO001207,-0.062888236862760669,0.53843364798501958,22258.22228089887,-13742.192114366997,2751.1680066537288
496,Democrat,Martin O'Malley,SBO315207,-0.060635978911146991,0.55310757007385059,2.5655931948504831,-1.5270514372502062,0.14315588170394303
497,Democrat,Martin O'Malley,SBO115207,-0.019042588768218887,0.85235838153090593,0.21038872761876173,-0.039261133028083782,0.0064449511437510961
498,Democrat,Martin O'Malley,SBO215207,-0.064716337911563462,0.5266662444182455,2.4969811982118983,-1.5866319285998425,0.15180855818900893
499,Democrat,Martin O'Malley,SBO515207,-0.0059927486821880526,0.95329896664908909,0.049854851028235815,-0.002927365181918534,0.0010444543772596369
500,Democrat,Martin O'Malley,SBO415207,-0.079279267384037996,0.43776231367864638,2.5764689784720831,-2.0076559209404774,0.17261390833017434
501,Democrat,Martin O'Malley,SBO015207,0.059532310104361788,0.56036795916661064,58.630785553898427,34.259815713751919,14.436947432147244
502,Democrat,Martin O'Malley,MAN450207,-0.041868307940327087,0.68229257411554989,7456871.5301250834,-3061672.0576105467,773781.29598343361
503,Democrat,Martin O'Malley,WTN220207,-0.076552004411885616,0.45373475661247586,3900473.9716046369,-2934173.8269445021,371277.59112949308
504,Democrat,Martin O'Malley,RTN130207,-0.066805526785014821,0.51337836969693984,4193217.8597064102,-2750848.8549697199,421217.77885970025
505,Democrat,Martin O'Malley,RTN131207,-0.075372119517876715,0.46074383657262319,17818.466188756174,-13196.348714628393,10533.64347668649
506,Democrat,Martin O'Malley,AFN120207,-0.079017357998807436,0.43928224678289252,553558.35402978479,-429914.00434283254,50084.477280571227
507,Democrat,Martin O'Malley,BPS030214,-0.025615577797201139,0.80230218501465633,1830.8639830445948,-459.66176878292225,108.2043645292883
508,Democrat,Martin O'Malley,LND110210,0.034294701621109265,0.73744187928080218,585.3385404302245,196.80009711964502,562.50740736549676
509,Democrat,Martin O'Malley,POP060210,-0.068874182160877206,0.50039248553656723,447.38602338052647,-302.62653535998851,56.000146540457052
510,Republican,Mike Huckabee,PST045214,-0.22108387632208523,0.028692584289733637,342206.77578228543,-760086.81013684173,49850.558145945644
511,Republican,Mike Huckabee,PST040210,-0.22424222425508608,0.026435596582604016,322875.86305516586,-727933.72947060224,48458.558511139592
512,Republican,Mike Huckabee,PST120214,-0.18104423954326981,0.074419674207367253,18.035052256037947,-32.529278345333694,0.13167386059486574
513,Republican,Mike Huckabee,POP010210,-0.22446434671413118,0.026282713009186616,322874.10511241615,-728689.05187796091,48471.487595186038
514,Republican,Mike Huckabee,AGE135214,-0.13425290889953018,0.18751741357215324,4.4713630278522043,-5.9353834457973624,6.065261573114185
515,Republican,Mike Huckabee,AGE295214,-0.16011717761406483,0.11527465368444975,12.260315026181271,-19.48564984104247,23.44333839107324
516,Republican,Mike Huckabee,AGE775214,0.28385546632240649,0.0046188475298320339,17.807036112142033,51.649498624043439,17.666433492290871
517,Republican,Mike Huckabee,SEX255214,-0.11493471699809872,0.25976941656270497,5.4765746540818192,-6.2084542792877384,50.304485052964907
518,Republican,Mike Huckabee,RHI125214,0.13416161815507441,0.18782036325728338,20.488918462351478,27.178597906535447,95.020539450371331
519,Republican,Mike Huckabee,RHI225214,-0.20188002473311725,0.046212888130461927,9.7043703688857974,-19.598899234741967,1.9032061673012408
520,Republican,Mike Huckabee,RHI325214,-0.0027094830900471997,0.97887575379740732,5.1889150255738885,-0.1377527299229703,0.46657980548120781
521,Republican,Mike Huckabee,RHI425214,-0.014100429899166319,0.89039612570040805,10.333640670562406,-1.4277905530214523,1.1680278584084143
522,Republican,Mike Huckabee,RHI525214,-0.14581275975282318,0.15196612770671522,0.82266998568714245,-1.1880191251680678,0.10715662344026841
523,Republican,Mike Huckabee,RHI625214,-0.15327843858470644,0.13185431643917858,3.1720974591218303,-4.8208743292997056,1.3282410374335583
524,Republican,Mike Huckabee,RHI725214,-0.11946748360814785,0.24131945223193957,30.011948765697188,-35.383524333697736,5.2952484732536664
525,Republican,Mike Huckabee,RHI825214,0.14890591931297439,0.1433711922131779,40.374039788992057,59.568788404267337,90.277926499415699
526,Republican,Mike Huckabee,POP715213,0.14024608827274748,0.16839795897648902,21.916340162164232,30.416415350397713,86.636511149017991
527,Republican,Mike Huckabee,POP645213,-0.062968755388103079,0.53791263414442314,19.553663261971526,-12.087919855241836,3.1428909695781657
528,Republican,Mike Huckabee,POP815213,0.017460246657850204,0.86450457995934971,29.971719053997809,5.1281870044357314,5.3500789290157211
529,Republican,Mike Huckabee,EDU635213,-0.087725492519352757,0.39036638537675739,18.8332681890628,-16.250424096203858,90.520596938967827
530,Republican,Mike Huckabee,EDU685213,-0.19516911278544508,0.054123202528947964,40.511907029883737,-78.988232115706012,21.577084197233006
531,Republican,Mike Huckabee,VET605213,-0.23554405411327195,0.019553765037018576,21249.375458445124,-50460.155376283292,3510.6433303803674
532,Republican,Mike Huckabee,LFE305213,0.047290384731271923,0.64379225940976603,20.09831461577939,9.3229696786921483,19.231800382629014
533,Republican,Mike Huckabee,HSG010214,-0.21919548856569696,0.03011851681472303,143462.66029762596,-315789.93022832082,21429.812811003882
534,Republican,Mike Huckabee,HSG445213,0.21851652428713289,0.03064564849274741,28.88217561118698,63.368611854588409,74.213028706600824
535,Republican,Mike Huckabee,HSG096213,-0.23633180988999694,0.019137633714687071,34.022678114894163,-81.078633719103834,14.564116513363745
536,Republican,Mike Huckabee,HSG495213,-0.38509890962882509,9.0215954689917781e-05,157680.60487635838,-644678.45654113439,120041.34490330606
537,Republican,Mike Huckabee,HSD410213,-0.22155072618756719,0.028349019971711298,129886.60701084672,-289136.05713047087,19410.528803200512
538,Republican,Mike Huckabee,HSD310213,-0.14322587465825326,0.15944609625285433,0.81396541494526387,-1.1541542579258874,2.4063417932672375
539,Republican,Mike Huckabee,INC910213,-0.17121436386065414,0.091861279290624695,15589.629981707214,-26544.363604377937,26229.036830399215
540,Republican,Mike Huckabee,INC110213,-0.30974635875527357,0.0019111851608945146,35304.34143775663,-112686.52536409446,51965.151293964642
541,Republican,Mike Huckabee,PVY020213,0.28291991438045505,0.0047614753633176887,19.495810138726181,56.345186036868107,10.466714809439438
542,Republican,Mike Huckabee,BZA010213,-0.22332694845815595,0.027073570351478071,8661.3694466228426,-19443.431849310768,1282.3123704150489
543,Republican,Mike Huckabee,BZA110213,-0.20479926588513642,0.043084311428448721,180068.67860645487,-369153.04611025238,21967.182476816073
544,Republican,Mike Huckabee,BZA115213,-0.033137811372716597,0.7459928958982317,32.27142057509019,-10.483736695945009,-0.059993355826139516
545,Republican,Mike Huckabee,NES010213,-0.20800680757223167,0.039851969662334931,21783.560853851101,-45388.582858973889,3161.2783508312286
546,Republican,Mike Huckabee,SBO001207,-0.23040032783844652,0.022466846191910524,27419.654626502248,-63609.946940852715,4168.8189274135784
547,Republican,Mike Huckabee,SBO315207,-0.1843005058459041,0.069267922893069073,3.1918248688872586,-5.8641509908143901,0.27171089833000339
548,Republican,Mike Huckabee,SBO115207,-0.098045796348233349,0.33682020072869434,0.26458123400104505,-0.25540015832924945,0.012267689523881329
549,Republican,Mike Huckabee,SBO215207,-0.18515290844597607,0.067968058907671297,3.1067566472753754,-5.7351943303049726,0.27677130847815434
550,Republican,Mike Huckabee,SBO515207,-0.037793828902743618,0.71177636184250792,0.062944846139491376,-0.02332529121272665,0.0015816432314245863
551,Republican,Mike Huckabee,SBO415207,-0.22532254696091841,0.025699072620228188,3.1815229010314163,-7.2092427840816287,0.32958565800882123
552,Republican,Mike Huckabee,SBO015207,-0.36078422028911589,0.00026277767275529262,69.210245640891571,-262.32227227604579,21.030162428846083
553,Republican,Mike Huckabee,MAN450207,-0.19436392798716098,0.055142901756023412,9249766.7047042083,-17957433.721616969,1180709.6909752327
554,Republican,Mike Huckabee,WTN220207,-0.20464140915581638,0.04324886053311916,4837927.7887429325,-9910102.2142534032,585624.64307356661
555,Republican,Mike Huckabee,RTN130207,-0.2137512843951386,0.034569075849823598,5187031.5438904827,-11120348.885883566,666190.73135625967
556,Republican,Mike Huckabee,RTN131207,-0.19664711191206338,0.052291759671087415,22135.993101321441,-43499.670932760338,11471.900245504581
557,Republican,Mike Huckabee,AFN120207,-0.23724429424128679,0.018665160051151031,681552.4409499818,-1630835.6933501719,85792.944539996999
558,Republican,Mike Huckabee,BPS030214,-0.15115877086836588,0.13734597740713472,2287.3614688991797,-3427.0695894748746,186.88806216307913
559,Republican,Mike Huckabee,LND110210,-0.25592327772855067,0.010974363674473495,715.33326476070999,-1855.5104861713223,608.76983394277522
560,Republican,Mike Huckabee,POP060210,-0.19979573618841159,0.048559981129384477,555.16792420221361,-1109.154666314824,80.201905134391382
561,Republican,Rand Paul,PST045214,0.40157966444915155,4.1613632994500257e-05,317393.05280139501,1363617.8577885914,-15135.015619780741
562,Republican,Rand Paul,PST040210,0.40161064726090384,4.155153223139031e-05,299681.06181668874,1287640.1520607257,-13151.523982814237
563,Republican,Rand Paul,PST120214,0.47093480149823874,9.8914461460790627e-07,15.977920359184914,83.572875455461983,-3.5129650002911266
564,Republican,Rand Paul,POP010210,0.40158671210467717,4.1599499333406911e-05,299698.59106087068,1287623.9676449583,-13156.214647106943
565,Republican,Rand Paul,AGE135214,-0.1195342620941128,0.24105460861491079,4.4246530996635665,-5.2195411210571327,6.1011916326762012
566,Republican,Rand Paul,AGE295214,-0.18067528565266688,0.07502234032293835,12.065614824418349,-21.716536374139263,23.718170368077661
567,Republican,Rand Paul,AGE775214,-0.53241702571558558,1.675570486558502e-08,15.526225956288322,-95.683185368828447,22.18584459283457
568,Republican,Rand Paul,SEX255214,-0.07354596784462665,0.47170855872064898,5.4304240276472679,-3.9237918956106759,50.289471893894593
569,Republican,Rand Paul,RHI125214,-0.46094639765231366,1.7851489335529586e-06,18.122207693598586,-92.228262701606056,98.83283724108766
570,Republican,Rand Paul,RHI225214,0.42938535001013073,1.0248279440081871e-05,8.8381970135684753,41.171851297970967,0.02170680657152535
571,Republican,Rand Paul,RHI325214,-0.11693796352816252,0.25150028375343053,5.0898282539067941,-5.8719741846118927,0.66435046289344402
572,Republican,Rand Paul,RHI425214,0.4777942270987019,6.5225144210680029e-07,8.9668352998375873,47.784592895865046,-0.5027050383522762
573,Republican,Rand Paul,RHI525214,-0.10722885014532335,0.29329293996907663,0.81657465881642899,-0.86288792799639602,0.10812093761587657
574,Republican,Rand Paul,RHI625214,0.31553959208401539,0.0015515223352721033,3.0085005519871353,9.8019717023630353,0.8765773772129557
575,Republican,Rand Paul,RHI725214,-0.061708154802800508,0.5460981085484119,29.799031199661993,-18.051312067713287,5.0620428908086303
576,Republican,Rand Paul,RHI825214,-0.19631870655249556,0.052694227826352788,39.541342183989521,-77.56813160209245,94.367537241394103
577,Republican,Rand Paul,POP715213,-0.47460850520172088,7.9230712749563554e-07,19.243159734256743,-101.6641026976835,90.849844169932922
578,Republican,Rand Paul,POP645213,0.24698955472798401,0.014213835528973066,18.751568298007296,46.829539987190351,1.2483679979896853
579,Republican,Rand Paul,POP815213,0.14639342363373894,0.15032387869437905,29.287912860150623,42.466834397227224,4.0191969771725056
580,Republican,Rand Paul,EDU635213,0.31725280138537282,0.0014575959591949339,17.708535179332063,58.044248384239829,88.141872473698868
581,Republican,Rand Paul,EDU685213,0.6027458586536345,5.1389538449679248e-11,32.553454342523345,240.93527153044423,11.425726823916623
582,Republican,Rand Paul,VET605213,0.38431698400265912,9.3495280105658556e-05,19936.642601391915,81316.908098566695,-488.17901611010029
583,Republican,Rand Paul,LFE305213,0.020928697356068462,0.83792557009238888,19.868519930050024,4.0751018181706842,19.316571003043048
584,Republican,Rand Paul,HSG010214,0.39688676388141303,5.2088088333439379e-05,133298.7025657341,564739.44584560383,-5507.9242883453699
585,Republican,Rand Paul,HSG445213,-0.42888964658954626,1.0519071996112892e-05,26.407573448314452,-122.8429717115565,79.944500133305965
586,Republican,Rand Paul,HSG096213,0.57705443284581115,4.992069971101385e-10,28.24418494466607,195.53110932007826,5.9173224196103824
587,Republican,Rand Paul,HSG495213,0.55320238301446034,3.4795318612452289e-09,140578.70621053062,914681.19956974313,73206.427492285118
588,Republican,Rand Paul,HSD410213,0.40238451175104495,4.0028217505438021e-05,120435.01676662061,518662.88838767196,-5307.9964635614997
589,Republican,Rand Paul,HSD310213,0.073270720272089696,0.47337341096817853,0.81012621074308599,0.58315993343895633,2.3586011761569274
590,Republican,Rand Paul,INC910213,0.24909144383176438,0.013384974176036788,15135.681826718008,38142.202980537317,24284.171089768537
591,Republican,Rand Paul,INC110213,0.28998133743053245,0.0037753998714637671,35097.129586857969,104195.9091925949,45685.597232139306
592,Republican,Rand Paul,PVY020213,0.14314789383795504,0.15967575842463469,19.869030164798232,28.157435867576606,10.858200461514418
593,Republican,Rand Paul,BZA010213,0.37544465884345285,0.00013932389773831669,8134.2598109472847,32284.388340172274,-291.09599254712407
594,Republican,Rand Paul,BZA110213,0.36312918260621641,0.00023789761534157873,169297.8600385756,646478.45346702728,-9053.6805085239139
595,Republican,Rand Paul,BZA115213,0.16532454129711621,0.10376974010291443,31.452399064628597,51.658816426971299,-2.0812957951930171
596,Republican,Rand Paul,NES010213,0.38779897863333357,7.9696187617423866e-05,20274.894668635723,83577.731163255346,-792.93740595800955
597,Republican,Rand Paul,SBO001207,0.38730536560754403,8.1529787332227123e-05,25658.380281642312,105611.27753074463,-978.36170809366286
598,Republican,Rand Paul,SBO315207,0.38173550384947358,0.0001051251434016788,2.9645409559066835,11.996540174125156,-0.2802080492282043
599,Republican,Rand Paul,SBO115207,0.15106301404593347,0.13759810264334213,0.25957250391275954,0.38865581627681051,-0.0071870297900507767
600,Republican,Rand Paul,SBO215207,0.36648369653459323,0.00020607103035845322,2.9052128079677422,11.212103568002888,-0.24518183238997646
601,Republican,Rand Paul,SBO515207,0.11550340748328444,0.25740333305467411,0.061797220223568927,0.070406996877269618,-0.0013906722604093555
602,Republican,Rand Paul,SBO415207,0.28802104340377804,0.0040289487117212237,3.0885830462827353,9.1017323645412258,-0.15556544709592199
603,Republican,Rand Paul,SBO015207,0.21608174388906926,0.032600524315921565,71.562191236823395,155.1745695136936,9.4044300480820873
604,Republican,Rand Paul,MAN450207,0.31958343352640833,0.001338097776455731,8824979.334944034,29162698.315594949,-250041.78109323105
605,Republican,Rand Paul,WTN220207,0.22919197673888955,0.023202668483802674,4751675.9265847225,10962228.955279676,-28224.962999169307
606,Republican,Rand Paul,RTN130207,0.36681033180496248,0.00020319222032437375,4878765.4728961429,18848035.084748875,-246827.51780017576
607,Republican,Rand Paul,RTN131207,0.25342198446323005,0.011808837599459259,21570.682028103056,55367.833272553973,8529.1790973194784
608,Republican,Rand Paul,AFN120207,0.37303392052768242,0.00015496892024553422,642919.077440375,2532664.1226169635,-40177.783627576828
609,Republican,Rand Paul,BPS030214,0.35018588443919263,0.00040807976039401771,2140.7213920931381,7841.5704667547161,-164.10520904519211
610,Republican,Rand Paul,LND110210,-0.018223408858212057,0.85864236336609867,730.73637112531264,-130.49626590094923,568.59281090166917
611,Republican,Rand Paul,POP060210,0.40359783862731635,3.7744458282996977e-05,512.00720211929809,2212.9396415142323,-22.267606499201662
612,Republican,Rick Santorum,PST045214,-0.036506170225542908,0.72118556226688879,569344.87778306252,-203782.50386910766,33597.684400896491
613,Republican,Rick Santorum,PST040210,-0.034691327580573479,0.73451755314330591,537615.56833581987,-182847.85270992818,32770.194365336938
614,Republican,Rick Santorum,PST120214,-0.036636183697483039,0.72023361049780421,29.754793600810984,-10.687950641055501,-0.54424996247353741
615,Republican,Rick Santorum,POP010210,-0.034922475754443877,0.73281503889360711,537636.5224435837,-184074.82414323214,32777.206661594122
616,Republican,Rick Santorum,AGE135214,-0.0049148428151701614,0.96169195173729316,7.3261989568493719,-0.3528005093246776,5.9259733846798861
617,Republican,Rick Santorum,AGE295214,-0.010538485263866051,0.91797093292110055,20.165626890626591,-2.0823304709700468,22.995291852357951
618,Republican,Rick Santorum,AGE775214,-0.00068363382832761907,0.99466953509686484,30.152798390301637,-0.20197000988628636,18.91120131264978
619,Republican,Rick Santorum,SEX255214,-0.11757487534256193,0.24890948738754418,8.8893167405172466,-10.311961365859734,50.25811643037936
620,Republican,Rick Santorum,RHI125214,-0.026193926407907877,0.79793268448879406,33.558968041579142,-8.6157652551539883,95.760559532497922
621,Republican,Rick Santorum,RHI225214,-0.082104292997099412,0.4215583116800723,16.033503741680196,-12.941919387982214,1.5609197865391289
622,Republican,Rick Santorum,RHI325214,0.057348565027895954,0.57486600691180512,8.4111872880212672,4.7340279610967038,0.41597333291924826
623,Republican,Rick Santorum,RHI425214,0.11578167549796199,0.25625095552305616,16.66711360118007,19.035595790824907,0.94351175225288197
624,Republican,Rick Santorum,RHI525214,0.042781528303868256,0.67574740928537358,1.3489286532366405,0.56595081704167205,0.072917695409349004
625,Republican,Rick Santorum,RHI625214,-0.032357703203891537,0.75177647783206869,5.2092613096583156,-1.6524066108686994,1.2287521027759232
626,Republican,Rick Santorum,RHI725214,0.079500761933105665,0.43647924659860871,48.925293842707212,38.231131953394723,4.0619563450778227
627,Republican,Rick Santorum,RHI825214,-0.070580697918460542,0.48981044067095392,66.127366948864591,-45.844500691004548,92.16920169567851
628,Republican,Rick Santorum,POP715213,-0.041610817333472931,0.68414232685410659,35.908713251683103,-14.652711998633531,87.514744949455746
629,Republican,Rick Santorum,POP645213,0.07471639247905458,0.46466477852204435,31.722668334852937,23.288249817543754,2.6193959533533127
630,Republican,Rick Santorum,POP815213,0.0023132142346140062,0.98196466669112414,48.671103684148676,1.103122719296864,5.4624494169164128
631,Republican,Rick Santorum,EDU635213,0.043522279963319144,0.67045598568023057,30.668042310563141,13.090161855515429,89.998823791259682
632,Republican,Rick Santorum,EDU685213,0.07524445577769133,0.4615057757629164,66.877073599107149,49.444763635046115,19.182587514298874
633,Republican,Rick Santorum,VET605213,-0.031046163913912177,0.76153084049719033,35483.456103810895,-10798.884040642455,2404.3888517937648
634,Republican,Rick Santorum,LFE305213,-0.1478990371978578,0.14612773798028494,32.31005339361775,-47.341418345005366,19.929053556732242
635,Republican,Rick Santorum,HSG010214,-0.040137389768992025,0.69476270448952038,238547.81054101035,-93888.042774991336,14769.442794660372
636,Republican,Rick Santorum,HSG445213,0.0043604732415187461,0.96601016978036047,48.055672379773178,2.0531374710787857,75.717244677712387
637,Republican,Rick Santorum,HSG096213,0.04606261262928784,0.65243279631764872,56.791310879773832,25.658265915102184,12.356944466011379
638,Republican,Rick Santorum,HSG495213,-0.042828397526305288,0.67541213652861143,277160.33213855443,-116411.84904527503,105692.52245117677
639,Republican,Rick Santorum,HSD410213,-0.039688565635529437,0.6980096702324341,216095.45747094389,-84098.640248036958,13293.689477579879
640,Republican,Rick Santorum,HSD310213,-0.023427781009908454,0.81888531160195077,1.3350023679489031,-0.30652649885867828,2.381633565738599
641,Republican,Rick Santorum,INC910213,0.05012644151144182,0.62401509120460241,25659.293513935725,12618.086202166698,25464.294832735497
642,Republican,Rick Santorum,INC110213,0.071916619578603014,0.48160990698874473,60131.031733991549,42480.491933104553,48829.40406528052
643,Republican,Rick Santorum,PVY020213,-0.12363732369475382,0.22516691703640612,32.749689843676819,-39.979502787310359,12.221836053354865
644,Republican,Rick Santorum,BZA010213,-0.028890486429033163,0.77764401573845476,14421.463926326463,-4083.9567902193116,855.27748671045617
645,Republican,Rick Santorum,BZA110213,-0.049493597595375687,0.62840580698675397,298335.10402144393,-144851.02667225685,14531.940358287138
646,Republican,Rick Santorum,BZA115213,-0.043669850952911156,0.66940374841498085,52.376521662969836,-22.43202534200843,-0.088153542756875009
647,Republican,Rick Santorum,NES010213,-0.038295952879066335,0.70811881808990584,36133.435414009567,-13568.019172140355,2204.715211933933
648,Republican,Rick Santorum,SBO001207,-0.025946624761790837,0.79980032729560224,45735.620889501697,-11631.006692650511,2754.4770974704575
649,Republican,Rick Santorum,SBO315207,-0.086147792977526727,0.39897849436796806,5.2531516544225036,-4.4505867068329223,0.1750726978162187
650,Republican,Rick Santorum,SBO115207,-0.050225040548060471,0.62333218095185983,0.43112440041309713,-0.21242565878352151,0.0082445379586639535
651,Republican,Rick Santorum,SBO215207,-0.056402685936308795,0.58119949966273832,5.1248902962907161,-2.8366900107144528,0.16711346449479031
652,Republican,Rick Santorum,SBO515207,-0.020144827500896252,0.84391764171872374,0.10225320280474946,-0.020186648861007163,0.0012220686656625103
653,Republican,Rick Santorum,SBO415207,0.022958330331897606,0.82245435221650909,5.3006532100064723,1.1926686232187864,0.14420793283539601
654,Republican,Rick Santorum,SBO015207,0.21626733566536399,0.032447900776413269,117.6372880755699,255.31307421957902,12.167841840194207
655,Republican,Rick Santorum,MAN450207,-0.03381586704254981,0.74097731753118456,15301676.971340133,-5072751.9443883728,799307.6036077165
656,Republican,Rick Santorum,WTN220207,0.051204121620729647,0.61656830106272853,8014444.3159747142,4026095.1132781571,306955.58045000699
657,Republican,Rick Santorum,RTN130207,-0.031610355225692353,0.75733008518948797,8616908.3156746123,-2670137.032148533,425295.64443340217
658,Republican,Rick Santorum,RTN131207,0.076115872280105051,0.45631866817333699,36550.687318662458,27338.087030336908,10152.142987727553
659,Republican,Rick Santorum,AFN120207,-0.0080509952986630631,0.93728759660674799,1139093.1322614518,-89858.362189889071,47450.707516162256
660,Republican,Rick Santorum,BPS030214,-0.055478885843308526,0.5874159905461257,3751.276350442653,-2042.2635962256147,124.8303679663763
661,Republican,Rick Santorum,LND110210,0.13556039283602503,0.18321740278691268,1190.3781537161974,1595.809096414541,548.1821723939812
662,Republican,Rick Santorum,POP060210,-0.062840173920382547,0.53874476913784686,918.13297335154948,-566.41894025269539,59.172695331708056
663,Republican,Ted Cruz,PST045214,-0.26203313028544373,0.0091493357455588141,105875.36760445686,-281665.0375182936,115736.67299794148
664,Republican,Ted Cruz,PST040210,-0.26231023102462925,0.0090732944402253674,99960.720328197713,-266232.02303207683,110506.20671980035
665,Republican,Ted Cruz,PST120214,-0.19937244545412486,0.049048482322008889,5.6184563693008389,-11.200191933974709,2.6961226650032382
666,Republican,Ted Cruz,POP010210,-0.26227381727947946,0.0090832552119355075,99966.446964151794,-266207.58446294471,110493.65843026798
667,Republican,Ted Cruz,AGE135214,-0.045575537089588933,0.65587346858562068,1.4093165748112422,-0.62998104651999642,6.1107168868309296
668,Republican,Ted Cruz,AGE295214,0.15313009544600753,0.13223311001843549,3.8375978845317085,5.8265051222379496,21.23325657637772
669,Republican,Ted Cruz,AGE775214,0.1633058433270691,0.10811826020975653,5.7284109451835254,9.2905448525707097,16.132732784722055
670,Republican,Ted Cruz,SEX255214,-0.15533541487041169,0.12668676610028562,1.7027991994334888,-2.6234533720400188,50.93911305007078
671,Republican,Ted Cruz,RHI125214,0.22678898140460621,0.02472731576063774,6.2960433022810198,14.364526762793583,91.38169494589863
672,Republican,Ted Cruz,RHI225214,-0.25278390658702216,0.01203037890699258,2.9973297014315365,-7.6728792495381564,3.7246491283798369
673,Republican,Ted Cruz,RHI325214,0.01340650698835545,0.89575895185541254,1.6222199277602494,0.2131081308030035,0.39957859360380038
674,Republican,Ted Cruz,RHI425214,-0.15073986671883033,0.13845153415319811,3.1943028854870956,-4.77233463688491,2.5598710664331468
675,Republican,Ted Cruz,RHI525214,-0.089227844921584226,0.38226982749334093,0.25895669116430364,-0.22729972889326075,0.14649925673568293
676,Republican,Ted Cruz,RHI625214,-0.22012772958784046,0.029407257407673412,0.97902577517202716,-2.1646620762457709,1.8591475329286724
677,Republican,Ted Cruz,RHI725214,-0.049754285998217795,0.62659555318015081,9.4394818351347229,-4.6073635469398546,5.8207740428492611
678,Republican,Ted Cruz,RHI825214,0.15140827848139571,0.13669067764353685,12.618445866840847,18.937691514119138,86.051753353326461
679,Republican,Ted Cruz,POP715213,0.20179119495706699,0.046310963933601228,6.7783663012738513,13.683276312948324,83.279162108394729
680,Republican,Ted Cruz,POP645213,-0.071534912294898362,0.48394548045522479,6.110087215915704,-4.2935361435666142,4.1351509493534229
681,Republican,Ted Cruz,POP815213,-0.04503386892210947,0.65970823526561606,9.3628408599040824,-4.1354554833137431,6.7093375993858135
682,Republican,Ted Cruz,EDU635213,-0.19206282510039316,0.058144236905596343,5.8011253182259406,-11.123790696000556,93.453902633813939
683,Republican,Ted Cruz,EDU685213,-0.3746334932876928,0.00014441678443988178,11.974215515407968,-47.4054768359684,33.843512245867416
684,Republican,Ted Cruz,VET605213,-0.26531229566649994,0.0082844034311193356,6591.1573974347966,-17770.695559127656,7607.2281718384866
685,Republican,Ted Cruz,LFE305213,0.26201800117265944,0.009153503510874612,6.0711655942017257,16.150395623905368,14.629626156762072
686,Republican,Ted Cruz,HSG010214,-0.26404332091907506,0.008610180868984376,44341.3351243336,-118935.76323024878,49375.109160452004
687,Republican,Ted Cruz,HSG445213,0.3232211063345371,0.0011692717321800453,8.7571848593593202,29.306248890381692,66.979672334157058
688,Republican,Ted Cruz,HSG096213,-0.39535990384820391,5.5994746377565133e-05,10.055665709450674,-42.407969098630055,25.286757050934476
689,Republican,Ted Cruz,HSG495213,-0.30927902820114556,0.0019432513126727614,50801.120388319272,-161879.536479451,152906.79576401715
690,Republican,Ted Cruz,HSD410213,-0.26380144425929325,0.0086735398378410804,40169.920830127856,-107640.78516350372,44621.680357995239
691,Republican,Ted Cruz,HSD310213,0.11089194785945335,0.27701653842653695,0.25555862995939693,0.27939137736618591,2.2950761707252711
692,Republican,Ted Cruz,INC910213,-0.23204286575551356,0.021498706022955349,4812.2536984082999,-11247.887219596452,28951.743602044095
693,Republican,Ted Cruz,INC110213,-0.13605454748890841,0.18161111386213541,11501.209832004561,-15475.669700822906,53878.632025795923
694,Republican,Ted Cruz,PVY020213,-0.041823011778823048,0.68261783545670218,6.3496258515087369,-2.6042292651327958,12.60071492334637
695,Republican,Ted Cruz,BZA010213,-0.25931169896058809,0.0099264051028383447,2683.1882723915264,-7058.6965571843257,2923.9494496965035
696,Republican,Ted Cruz,BZA110213,-0.25234159670274353,0.012186069378476093,55657.804165683796,-142212.41751397515,55584.65379318154
697,Republican,Ted Cruz,BZA115213,-0.065322520934207984,0.52279301160216707,10.073925198348354,-6.4613881624721037,1.6187211746359236
698,Republican,Ted Cruz,NES010213,-0.24853499024238865,0.013600208469643308,6744.6405676645563,-16956.149075118155,7136.4667139080148
699,Republican,Ted Cruz,SBO001207,-0.25616036474792403,0.010898010637399482,8516.0683156301384,-22111.819735610945,9246.3353530289569
700,Republican,Ted Cruz,SBO315207,-0.23873855862873686,0.017913134431914286,0.98598511008643164,-2.3750447446078531,0.84038709627887953
701,Republican,Ted Cruz,SBO115207,-0.13675921519030745,0.17933836188549962,0.082343134722518474,-0.11138312420527335,0.039408954679590213
702,Republican,Ted Cruz,SBO215207,-0.32404062784250764,0.0011340185079844148,0.93511182159547512,-3.1382510016554299,1.0766322151579855
703,Republican,Ted Cruz,SBO515207,-0.089380232048313316,0.38145427552179478,0.019615503444332976,-0.017247186967683112,0.0061746771910462786
704,Republican,Ted Cruz,SBO415207,-0.29966315190561132,0.0027206096345317211,0.97406712582318755,-2.9977054293323091,1.051977539886279
705,Republican,Ted Cruz,SBO015207,-0.22064197396405139,0.029021033943835262,22.630037952116272,-50.158712123029659,29.708144917828264
706,Republican,Ted Cruz,MAN450207,-0.18551067668009036,0.067428399225569341,2897070.2914868779,-5358807.1237830156,2350094.9513697266
707,Republican,Ted Cruz,WTN220207,-0.20075252338330102,0.047470600979096382,1513864.4903436371,-3039598.6341978349,1255550.1959158368
708,Republican,Ted Cruz,RTN130207,-0.26381071414536866,0.0086711040779818768,1601328.5165735863,-4291140.3679182343,1681015.6832165443
709,Republican,Ted Cruz,RTN131207,-0.34976786031753515,0.00041509659966632891,6612.9791227620999,-24190.726479690977,17654.569453170508
710,Republican,Ted Cruz,AFN120207,-0.30062028281460018,0.002632308239061569,209209.40510913852,-646105.32791439723,239639.64019009136
711,Republican,Ted Cruz,BPS030214,-0.21452715477312617,0.03390288230572671,706.63276183724702,-1520.6961829130776,558.88397049974799
712,Republican,Ted Cruz,LND110210,-0.0081926917404738994,0.9361861660118147,231.35241822221207,-18.571665363115077,569.6740649335668
713,Republican,Ted Cruz,POP060210,-0.26294409033382465,0.0089014370278746296,170.91617650608001,-456.39399438593108,189.90623381204864
